frame,time_s,z_m,vz_mps,F_brake_N,P_recov_W,E_cum_J,wheel_deg
1,0.0,14.999319,-0.08175,0.0,0.0,0.0,0.1
2,0.008333,14.998002,-0.15805,327.0,18.04,0.15,0.29
3,0.016667,14.996091,-0.229263,632.2,67.45,0.71,0.56
4,0.025,14.993627,-0.295729,917.05,141.92,1.9,0.91
5,0.033333,14.990645,-0.357764,1182.92,236.13,3.86,1.34
6,0.041667,14.987182,-0.415663,1431.06,345.59,6.74,1.84
7,0.05,14.983267,-0.469702,1662.65,466.49,10.63,2.4
8,0.058333,14.978933,-0.520139,1878.81,595.67,15.59,3.02
9,0.066667,14.974206,-0.567213,2080.55,730.47,21.68,3.69
10,0.075,14.969113,-0.611148,2268.85,868.67,28.92,4.42
11,0.083333,14.963679,-0.652155,2444.59,1008.46,37.32,5.2
12,0.091667,14.957925,-0.690428,2608.62,1148.33,46.89,6.03
13,0.1,14.951874,-0.72615,2761.71,1287.07,57.62,6.89
14,0.108333,14.945545,-0.75949,2904.6,1423.69,69.48,7.8
15,0.116667,14.938956,-0.790607,3037.96,1557.43,82.46,8.74
16,0.125,14.932126,-0.81965,3162.43,1687.66,96.53,9.72
17,0.133333,14.92507,-0.846757,3278.6,1813.93,111.64,10.73
18,0.141667,14.917802,-0.872056,3387.03,1935.89,127.77,11.77
19,0.15,14.910338,-0.895669,3488.22,2053.3,144.88,12.84
20,0.158333,14.902691,-0.917708,3582.68,2166.0,162.93,13.94
21,0.166667,14.894872,-0.938277,3670.83,2273.91,181.88,15.06
22,0.175,14.886893,-0.957475,3753.11,2376.98,201.69,16.2
23,0.183333,14.878765,-0.975394,3829.9,2475.25,222.32,17.37
24,0.191667,14.870497,-0.992118,3901.58,2568.76,243.73,18.55
25,0.2,14.862099,-1.007726,3968.47,2657.6,265.87,19.75
26,0.208333,14.85358,-1.022295,4030.91,2741.88,288.72,20.97
27,0.216667,14.844948,-1.035892,4089.18,2821.73,312.24,22.21
28,0.225,14.83621,-1.048582,4143.57,2897.29,336.38,23.46
29,0.233333,14.827373,-1.060427,4194.33,2968.72,361.12,24.73
30,0.241667,14.818444,-1.071482,4241.71,3036.16,386.42,26.01
31,0.25,14.809429,-1.081799,4285.93,3099.8,412.25,27.3
32,0.258333,14.800333,-1.09143,4327.2,3159.78,438.58,28.6
33,0.266667,14.791163,-1.100418,4365.72,3216.29,465.39,29.91
34,0.275,14.781923,-1.108806,4401.67,3269.48,492.63,31.24
35,0.283333,14.772618,-1.116636,4435.23,3319.52,520.29,32.57
36,0.291667,14.763252,-1.123944,4466.54,3366.56,548.35,33.91
37,0.3,14.753829,-1.130764,4495.77,3410.77,576.77,35.26
38,0.308333,14.744353,-1.13713,4523.06,3452.29,605.54,36.62
39,0.316667,14.734827,-1.143071,4548.52,3491.27,634.64,37.98
40,0.325,14.725255,-1.148616,4572.28,3527.85,664.03,39.35
41,0.333333,14.71564,-1.153792,4594.47,3562.16,693.72,40.73
42,0.341667,14.705985,-1.158622,4615.17,3594.34,723.67,42.11
43,0.35,14.696292,-1.163131,4634.49,3624.5,753.88,43.5
44,0.358333,14.686565,-1.167339,4652.52,3652.76,784.32,44.9
45,0.366667,14.676804,-1.171266,4669.36,3679.24,814.98,46.29
46,0.375,14.667013,-1.174932,4685.07,3704.03,845.84,47.7
47,0.383333,14.657193,-1.178353,4699.73,3727.26,876.9,49.1
48,0.391667,14.647347,-1.181546,4713.41,3748.99,908.14,50.51
49,0.4,14.637476,-1.184526,4726.18,3769.34,939.56,51.93
50,0.408333,14.627582,-1.187308,4738.11,3788.38,971.13,53.34
51,0.416667,14.617666,-1.189904,4749.23,3806.19,1002.84,54.77
52,0.425,14.60773,-1.192327,4759.62,3822.85,1034.7,56.19
53,0.433333,14.597775,-1.194589,4769.31,3838.44,1066.69,57.61
54,0.441667,14.587802,-1.196699,4778.35,3853.01,1098.8,59.04
55,0.45,14.577814,-1.19867,4786.8,3866.64,1131.02,60.47
56,0.458333,14.567809,-1.200508,4794.68,3879.38,1163.35,61.91
57,0.466667,14.557791,-1.202224,4802.03,3891.29,1195.77,63.34
58,0.475,14.547759,-1.203826,4808.9,3902.43,1228.29,64.78
59,0.483333,14.537715,-1.205321,4815.3,3912.83,1260.9,66.22
60,0.491667,14.527659,-1.206716,4821.28,3922.56,1293.59,67.66
61,0.5,14.517592,-1.208019,4826.87,3931.64,1326.35,69.1
62,0.508333,14.507515,-1.209234,4832.07,3940.13,1359.19,70.54
63,0.516667,14.497428,-1.210368,4836.94,3948.07,1392.09,71.99
64,0.525,14.487333,-1.211427,4841.47,3955.48,1425.05,73.43
65,0.533333,14.47723,-1.212415,4845.71,3962.4,1458.07,74.88
66,0.541667,14.467119,-1.213338,4849.66,3968.87,1491.14,76.33
67,0.55,14.457,-1.214198,4853.35,3974.91,1524.27,77.78
68,0.558333,14.446875,-1.215002,4856.79,3980.55,1557.44,79.23
69,0.566667,14.436744,-1.215752,4860.01,3985.82,1590.65,80.68
70,0.575,14.426607,-1.216452,4863.01,3990.74,1623.91,82.13
71,0.583333,14.416464,-1.217105,4865.81,3995.34,1657.21,83.59
72,0.591667,14.406317,-1.217715,4868.42,3999.63,1690.54,85.04
73,0.6,14.396164,-1.218284,4870.86,4003.64,1723.9,86.49
74,0.608333,14.386008,-1.218815,4873.13,4007.38,1757.29,87.95
75,0.616667,14.375847,-1.21931,4875.26,4010.87,1790.72,89.4
76,0.625,14.365682,-1.219773,4877.24,4014.14,1824.17,90.86
77,0.633333,14.355513,-1.220205,4879.09,4017.18,1857.65,92.32
78,0.641667,14.345342,-1.220608,4880.82,4020.03,1891.15,93.77
79,0.65,14.335167,-1.220984,4882.43,4022.69,1924.67,95.23
80,0.658333,14.324989,-1.221335,4883.94,4025.16,1958.21,96.69
81,0.666667,14.314809,-1.221663,4885.34,4027.48,1991.77,98.15
82,0.675,14.304625,-1.221969,4886.65,4029.64,2025.35,99.61
83,0.683333,14.29444,-1.222254,4887.87,4031.66,2058.95,101.06
84,0.691667,14.284252,-1.22252,4889.02,4033.54,2092.56,102.52
85,0.7,14.274063,-1.222769,4890.08,4035.3,2126.19,103.98
86,0.708333,14.263871,-1.223001,4891.08,4036.94,2159.83,105.44
87,0.716667,14.253677,-1.223218,4892.0,4038.48,2193.49,106.9
88,0.725,14.243482,-1.22342,4892.87,4039.91,2227.15,108.36
89,0.733333,14.233286,-1.223608,4893.68,4041.24,2260.83,109.82
90,0.741667,14.223087,-1.223785,4894.43,4042.49,2294.52,111.28
91,0.75,14.212888,-1.223949,4895.14,4043.65,2328.21,112.75
92,0.758333,14.202687,-1.224102,4895.8,4044.74,2361.92,114.21
93,0.766667,14.192485,-1.224246,4896.41,4045.75,2395.64,115.67
94,0.775,14.182282,-1.224379,4896.98,4046.7,2429.36,117.13
95,0.783333,14.172078,-1.224504,4897.52,4047.58,2463.09,118.59
96,0.791667,14.161872,-1.22462,4898.02,4048.41,2496.82,120.05
97,0.8,14.151666,-1.224729,4898.48,4049.18,2530.57,121.51
98,0.808333,14.141459,-1.22483,4898.92,4049.89,2564.32,122.98
99,0.816667,14.131252,-1.224925,4899.32,4050.57,2598.07,124.44
100,0.825,14.121043,-1.225013,4899.7,4051.19,2631.83,125.9
101,0.833333,14.110834,-1.225096,4900.05,4051.78,2665.6,127.36
102,0.841667,14.100624,-1.225173,4900.38,4052.32,2699.37,128.83
103,0.85,14.090414,-1.225245,4900.69,4052.83,2733.14,130.29
104,0.858333,14.080203,-1.225312,4900.98,4053.31,2766.92,131.75
105,0.866667,14.069992,-1.225374,4901.25,4053.75,2800.7,133.21
106,0.875,14.05978,-1.225433,4901.5,4054.16,2834.48,134.68
107,0.883333,14.049567,-1.225487,4901.73,4054.55,2868.27,136.14
108,0.891667,14.039354,-1.225538,4901.95,4054.91,2902.06,137.6
109,0.9,14.029141,-1.225585,4902.15,4055.25,2935.85,139.07
110,0.908333,14.018928,-1.22563,4902.34,4055.56,2969.65,140.53
111,0.916667,14.008714,-1.225671,4902.52,4055.85,3003.45,141.99
112,0.925,13.998499,-1.22571,4902.68,4056.13,3037.25,143.45
113,0.933333,13.988285,-1.225746,4902.84,4056.38,3071.05,144.92
114,0.941667,13.97807,-1.225779,4902.98,4056.62,3104.86,146.38
115,0.95,13.967855,-1.225811,4903.12,4056.84,3138.67,147.84
116,0.958333,13.95764,-1.22584,4903.24,4057.05,3172.48,149.31
117,0.966667,13.947424,-1.225867,4903.36,4057.25,3206.29,150.77
118,0.975,13.937208,-1.225893,4903.47,4057.43,3240.1,152.23
119,0.983333,13.926992,-1.225917,4903.57,4057.6,3273.91,153.7
120,0.991667,13.916776,-1.225939,4903.67,4057.75,3307.73,155.16
121,1.0,13.90656,-1.22596,4903.76,4057.9,3341.54,156.62
122,1.008333,13.896343,-1.225979,4903.84,4058.04,3375.36,158.09
123,1.016667,13.886127,-1.225997,4903.92,4058.17,3409.18,159.55
124,1.025,13.87591,-1.226014,4903.99,4058.29,3443.0,161.01
125,1.033333,13.865693,-1.22603,4904.06,4058.4,3476.82,162.48
126,1.041667,13.855476,-1.226044,4904.12,4058.5,3510.64,163.94
127,1.05,13.845259,-1.226058,4904.18,4058.6,3544.46,165.4
128,1.058333,13.835042,-1.226071,4904.23,4058.69,3578.28,166.87
129,1.066667,13.824824,-1.226083,4904.28,4058.77,3612.1,168.33
130,1.075,13.814607,-1.226094,4904.33,4058.85,3645.93,169.8
131,1.083333,13.804389,-1.226104,4904.38,4058.93,3679.75,171.26
132,1.091667,13.794172,-1.226114,4904.42,4059.0,3713.58,172.72
133,1.1,13.783954,-1.226123,4904.46,4059.06,3747.4,174.19
134,1.108333,13.773736,-1.226132,4904.49,4059.12,3781.23,175.65
135,1.116667,13.763518,-1.226139,4904.53,4059.18,3815.05,177.11
136,1.125,13.7533,-1.226147,4904.56,4059.23,3848.88,178.58
137,1.133333,13.743083,-1.226154,4904.59,4059.28,3882.71,180.04
138,1.141667,13.732865,-1.22616,4904.61,4059.32,3916.54,181.5
139,1.15,13.722646,-1.226166,4904.64,4059.37,3950.36,182.97
140,1.158333,13.712428,-1.226172,4904.66,4059.41,3984.19,184.43
141,1.166667,13.70221,-1.226177,4904.69,4059.44,4018.02,185.89
142,1.175,13.691992,-1.226182,4904.71,4059.48,4051.85,187.36
143,1.183333,13.681774,-1.226186,4904.73,4059.51,4085.68,188.82
144,1.191667,13.671556,-1.226191,4904.75,4059.54,4119.51,190.29
145,1.2,13.661337,-1.226195,4904.76,4059.57,4153.34,191.75
146,1.208333,13.651119,-1.226198,4904.78,4059.59,4187.17,193.21
147,1.216667,13.640901,-1.226202,4904.79,4059.62,4221.0,194.68
148,1.225,13.630682,-1.226205,4904.81,4059.64,4254.83,196.14
149,1.233333,13.620464,-1.226208,4904.82,4059.66,4288.66,197.6
150,1.241667,13.610245,-1.226211,4904.83,4059.68,4322.49,199.07
151,1.25,13.600027,-1.226213,4904.84,4059.7,4356.32,200.53
152,1.258333,13.589809,-1.226216,4904.85,4059.72,4390.15,202.0
153,1.266667,13.57959,-1.226218,4904.86,4059.73,4423.98,203.46
154,1.275,13.569372,-1.22622,4904.87,4059.75,4457.81,204.92
155,1.283333,13.559153,-1.226222,4904.88,4059.76,4491.65,206.39
156,1.291667,13.548934,-1.226224,4904.89,4059.78,4525.48,207.85
157,1.3,13.538716,-1.226226,4904.9,4059.79,4559.31,209.31
158,1.308333,13.528497,-1.226227,4904.9,4059.8,4593.14,210.78
159,1.316667,13.518279,-1.226229,4904.91,4059.81,4626.97,212.24
160,1.325,13.50806,-1.22623,4904.92,4059.82,4660.8,213.7
161,1.333333,13.497842,-1.226232,4904.92,4059.83,4694.64,215.17
162,1.341667,13.487623,-1.226233,4904.93,4059.84,4728.47,216.63
163,1.35,13.477404,-1.226234,4904.93,4059.85,4762.3,218.1
164,1.358333,13.467186,-1.226235,4904.94,4059.85,4796.13,219.56
165,1.366667,13.456967,-1.226236,4904.94,4059.86,4829.96,221.02
166,1.375,13.446748,-1.226237,4904.94,4059.87,4863.8,222.49
167,1.383333,13.43653,-1.226238,4904.95,4059.87,4897.63,223.95
168,1.391667,13.426311,-1.226239,4904.95,4059.88,4931.46,225.41
169,1.4,13.416093,-1.226239,4904.95,4059.89,4965.29,226.88
170,1.408333,13.405874,-1.22624,4904.96,4059.89,4999.13,228.34
171,1.416667,13.395655,-1.226241,4904.96,4059.9,5032.96,229.81
172,1.425,13.385436,-1.226241,4904.96,4059.9,5066.79,231.27
173,1.433333,13.375218,-1.226242,4904.97,4059.9,5100.62,232.73
174,1.441667,13.364999,-1.226243,4904.97,4059.91,5134.46,234.2
175,1.45,13.35478,-1.226243,4904.97,4059.91,5168.29,235.66
176,1.458333,13.344562,-1.226243,4904.97,4059.91,5202.12,237.12
177,1.466667,13.334343,-1.226244,4904.97,4059.92,5235.95,238.59
178,1.475,13.324124,-1.226244,4904.98,4059.92,5269.79,240.05
179,1.483333,13.313906,-1.226245,4904.98,4059.92,5303.62,241.52
180,1.491667,13.303687,-1.226245,4904.98,4059.93,5337.45,242.98
181,1.5,13.293468,-1.226245,4904.98,4059.93,5371.28,244.44
182,1.508333,13.283249,-1.226246,4904.98,4059.93,5405.12,245.91
183,1.516667,13.273031,-1.226246,4904.98,4059.93,5438.95,247.37
184,1.525,13.262812,-1.226246,4904.98,4059.93,5472.78,248.83
185,1.533333,13.252593,-1.226246,4904.98,4059.94,5506.62,250.3
186,1.541667,13.242375,-1.226247,4904.99,4059.94,5540.45,251.76
187,1.55,13.232156,-1.226247,4904.99,4059.94,5574.28,253.23
188,1.558333,13.221937,-1.226247,4904.99,4059.94,5608.11,254.69
189,1.566667,13.211718,-1.226247,4904.99,4059.94,5641.95,256.15
190,1.575,13.2015,-1.226248,4904.99,4059.94,5675.78,257.62
191,1.583333,13.191281,-1.226248,4904.99,4059.94,5709.61,259.08
192,1.591667,13.181062,-1.226248,4904.99,4059.95,5743.45,260.54
193,1.6,13.170844,-1.226248,4904.99,4059.95,5777.28,262.01
194,1.608333,13.160625,-1.226248,4904.99,4059.95,5811.11,263.47
195,1.616667,13.150406,-1.226248,4904.99,4059.95,5844.94,264.93
196,1.625,13.140187,-1.226248,4904.99,4059.95,5878.78,266.4
197,1.633333,13.129969,-1.226248,4904.99,4059.95,5912.61,267.86
198,1.641667,13.11975,-1.226249,4904.99,4059.95,5946.44,269.33
199,1.65,13.109531,-1.226249,4904.99,4059.95,5980.28,270.79
200,1.658333,13.099312,-1.226249,4904.99,4059.95,6014.11,272.25
201,1.666667,13.089094,-1.226249,4905.0,4059.95,6047.94,273.72
202,1.675,13.078875,-1.226249,4905.0,4059.95,6081.78,275.18
203,1.683333,13.068656,-1.226249,4905.0,4059.95,6115.61,276.64
204,1.691667,13.058437,-1.226249,4905.0,4059.95,6149.44,278.11
205,1.7,13.048219,-1.226249,4905.0,4059.95,6183.27,279.57
206,1.708333,13.038,-1.226249,4905.0,4059.95,6217.11,281.04
207,1.716667,13.027781,-1.226249,4905.0,4059.96,6250.94,282.5
208,1.725,13.017562,-1.226249,4905.0,4059.96,6284.77,283.96
209,1.733333,13.007344,-1.226249,4905.0,4059.96,6318.61,285.43
210,1.741667,12.997125,-1.226249,4905.0,4059.96,6352.44,286.89
211,1.75,12.986906,-1.226249,4905.0,4059.96,6386.27,288.35
212,1.758333,12.976687,-1.226249,4905.0,4059.96,6420.1,289.82
213,1.766667,12.966469,-1.226249,4905.0,4059.96,6453.94,291.28
214,1.775,12.95625,-1.22625,4905.0,4059.96,6487.77,292.75
215,1.783333,12.946031,-1.22625,4905.0,4059.96,6521.6,294.21
216,1.791667,12.935812,-1.22625,4905.0,4059.96,6555.44,295.67
217,1.8,12.925594,-1.22625,4905.0,4059.96,6589.27,297.14
218,1.808333,12.915375,-1.22625,4905.0,4059.96,6623.1,298.6
219,1.816667,12.905156,-1.22625,4905.0,4059.96,6656.94,300.06
220,1.825,12.894937,-1.22625,4905.0,4059.96,6690.77,301.53
221,1.833333,12.884719,-1.22625,4905.0,4059.96,6724.6,302.99
222,1.841667,12.8745,-1.22625,4905.0,4059.96,6758.43,304.46
223,1.85,12.864281,-1.22625,4905.0,4059.96,6792.27,305.92
224,1.858333,12.854062,-1.22625,4905.0,4059.96,6826.1,307.38
225,1.866667,12.843844,-1.22625,4905.0,4059.96,6859.93,308.85
226,1.875,12.833625,-1.22625,4905.0,4059.96,6893.77,310.31
227,1.883333,12.823406,-1.22625,4905.0,4059.96,6927.6,311.77
228,1.891667,12.813187,-1.22625,4905.0,4059.96,6961.43,313.24
229,1.9,12.802969,-1.22625,4905.0,4059.96,6995.27,314.7
230,1.908333,12.79275,-1.22625,4905.0,4059.96,7029.1,316.17
231,1.916667,12.782531,-1.22625,4905.0,4059.96,7062.93,317.63
232,1.925,12.772312,-1.22625,4905.0,4059.96,7096.76,319.09
233,1.933333,12.762094,-1.22625,4905.0,4059.96,7130.6,320.56
234,1.941667,12.751875,-1.22625,4905.0,4059.96,7164.43,322.02
235,1.95,12.741656,-1.22625,4905.0,4059.96,7198.26,323.48
236,1.958333,12.731437,-1.22625,4905.0,4059.96,7232.1,324.95
237,1.966667,12.721219,-1.22625,4905.0,4059.96,7265.93,326.41
238,1.975,12.711,-1.22625,4905.0,4059.96,7299.76,327.88
239,1.983333,12.700781,-1.22625,4905.0,4059.96,7333.6,329.34
240,1.991667,12.690562,-1.22625,4905.0,4059.96,7367.43,330.8
241,2.0,12.680344,-1.22625,4905.0,4059.96,7401.26,332.27
242,2.008333,12.670125,-1.22625,4905.0,4059.96,7435.09,333.73
243,2.016667,12.659906,-1.22625,4905.0,4059.96,7468.93,335.19
244,2.025,12.649687,-1.22625,4905.0,4059.96,7502.76,336.66
245,2.033333,12.639469,-1.22625,4905.0,4059.96,7536.59,338.12
246,2.041667,12.62925,-1.22625,4905.0,4059.96,7570.43,339.58
247,2.05,12.619031,-1.22625,4905.0,4059.96,7604.26,341.05
248,2.058333,12.608812,-1.22625,4905.0,4059.96,7638.09,342.51
249,2.066667,12.598594,-1.22625,4905.0,4059.96,7671.93,343.98
250,2.075,12.588375,-1.22625,4905.0,4059.96,7705.76,345.44
251,2.083333,12.578156,-1.22625,4905.0,4059.96,7739.59,346.9
252,2.091667,12.567937,-1.22625,4905.0,4059.96,7773.42,348.37
253,2.1,12.557719,-1.22625,4905.0,4059.96,7807.26,349.83
254,2.108333,12.5475,-1.22625,4905.0,4059.96,7841.09,351.29
255,2.116667,12.537281,-1.22625,4905.0,4059.96,7874.92,352.76
256,2.125,12.527062,-1.22625,4905.0,4059.96,7908.76,354.22
257,2.133333,12.516844,-1.22625,4905.0,4059.96,7942.59,355.69
258,2.141667,12.506625,-1.22625,4905.0,4059.96,7976.42,357.15
259,2.15,12.496406,-1.22625,4905.0,4059.96,8010.26,358.61
260,2.158333,12.486187,-1.22625,4905.0,4059.96,8044.09,360.08
261,2.166667,12.475969,-1.22625,4905.0,4059.96,8077.92,361.54
262,2.175,12.46575,-1.22625,4905.0,4059.96,8111.75,363.0
263,2.183333,12.455531,-1.22625,4905.0,4059.96,8145.59,364.47
264,2.191667,12.445312,-1.22625,4905.0,4059.96,8179.42,365.93
265,2.2,12.435094,-1.22625,4905.0,4059.96,8213.25,367.4
266,2.208333,12.424875,-1.22625,4905.0,4059.96,8247.09,368.86
267,2.216667,12.414656,-1.22625,4905.0,4059.96,8280.92,370.32
268,2.225,12.404437,-1.22625,4905.0,4059.96,8314.75,371.79
269,2.233333,12.394219,-1.22625,4905.0,4059.96,8348.59,373.25
270,2.241667,12.384,-1.22625,4905.0,4059.96,8382.42,374.71
271,2.25,12.373781,-1.22625,4905.0,4059.96,8416.25,376.18
272,2.258333,12.363562,-1.22625,4905.0,4059.96,8450.08,377.64
273,2.266667,12.353344,-1.22625,4905.0,4059.96,8483.92,379.11
274,2.275,12.343125,-1.22625,4905.0,4059.96,8517.75,380.57
275,2.283333,12.332906,-1.22625,4905.0,4059.96,8551.58,382.03
276,2.291667,12.322687,-1.22625,4905.0,4059.96,8585.42,383.5
277,2.3,12.312469,-1.22625,4905.0,4059.96,8619.25,384.96
278,2.308333,12.30225,-1.22625,4905.0,4059.96,8653.08,386.42
279,2.316667,12.292031,-1.22625,4905.0,4059.96,8686.92,387.89
280,2.325,12.281812,-1.22625,4905.0,4059.96,8720.75,389.35
281,2.333333,12.271594,-1.22625,4905.0,4059.96,8754.58,390.82
282,2.341667,12.261375,-1.22625,4905.0,4059.96,8788.41,392.28
283,2.35,12.251156,-1.22625,4905.0,4059.96,8822.25,393.74
284,2.358333,12.240937,-1.22625,4905.0,4059.96,8856.08,395.21
285,2.366667,12.230719,-1.22625,4905.0,4059.96,8889.91,396.67
286,2.375,12.2205,-1.22625,4905.0,4059.96,8923.75,398.13
287,2.383333,12.210281,-1.22625,4905.0,4059.96,8957.58,399.6
288,2.391667,12.200062,-1.22625,4905.0,4059.96,8991.41,401.06
289,2.4,12.189844,-1.22625,4905.0,4059.96,9025.25,402.53
290,2.408333,12.179625,-1.22625,4905.0,4059.96,9059.08,403.99
291,2.416667,12.169406,-1.22625,4905.0,4059.96,9092.91,405.45
292,2.425,12.159187,-1.22625,4905.0,4059.96,9126.74,406.92
293,2.433333,12.148969,-1.22625,4905.0,4059.96,9160.58,408.38
294,2.441667,12.13875,-1.22625,4905.0,4059.96,9194.41,409.84
295,2.45,12.128531,-1.22625,4905.0,4059.96,9228.24,411.31
296,2.458333,12.118312,-1.22625,4905.0,4059.96,9262.08,412.77
297,2.466667,12.108094,-1.22625,4905.0,4059.96,9295.91,414.24
298,2.475,12.097875,-1.22625,4905.0,4059.96,9329.74,415.7
299,2.483333,12.087656,-1.22625,4905.0,4059.96,9363.58,417.16
300,2.491667,12.077437,-1.22625,4905.0,4059.96,9397.41,418.63
301,2.5,12.067219,-1.22625,4905.0,4059.96,9431.24,420.09
302,2.508333,12.057,-1.22625,4905.0,4059.96,9465.07,421.55
303,2.516667,12.046781,-1.22625,4905.0,4059.96,9498.91,423.02
304,2.525,12.036562,-1.22625,4905.0,4059.96,9532.74,424.48
305,2.533333,12.026344,-1.22625,4905.0,4059.96,9566.57,425.94
306,2.541667,12.016125,-1.22625,4905.0,4059.96,9600.41,427.41
307,2.55,12.005906,-1.22625,4905.0,4059.96,9634.24,428.87
308,2.558333,11.995687,-1.22625,4905.0,4059.96,9668.07,430.34
309,2.566667,11.985469,-1.22625,4905.0,4059.96,9701.91,431.8
310,2.575,11.97525,-1.22625,4905.0,4059.96,9735.74,433.26
311,2.583333,11.965031,-1.22625,4905.0,4059.96,9769.57,434.73
312,2.591667,11.954812,-1.22625,4905.0,4059.96,9803.4,436.19
313,2.6,11.944594,-1.22625,4905.0,4059.96,9837.24,437.65
314,2.608333,11.934375,-1.22625,4905.0,4059.96,9871.07,439.12
315,2.616667,11.924156,-1.22625,4905.0,4059.96,9904.9,440.58
316,2.625,11.913937,-1.22625,4905.0,4059.96,9938.74,442.05
317,2.633333,11.903719,-1.22625,4905.0,4059.96,9972.57,443.51
318,2.641667,11.8935,-1.22625,4905.0,4059.96,10006.4,444.97
319,2.65,11.883281,-1.22625,4905.0,4059.96,10040.24,446.44
320,2.658333,11.873062,-1.22625,4905.0,4059.96,10074.07,447.9
321,2.666667,11.862844,-1.22625,4905.0,4059.96,10107.9,449.36
322,2.675,11.852625,-1.22625,4905.0,4059.96,10141.73,450.83
323,2.683333,11.842406,-1.22625,4905.0,4059.96,10175.57,452.29
324,2.691667,11.832187,-1.22625,4905.0,4059.96,10209.4,453.76
325,2.7,11.821969,-1.22625,4905.0,4059.96,10243.23,455.22
326,2.708333,11.81175,-1.22625,4905.0,4059.96,10277.07,456.68
327,2.716667,11.801531,-1.22625,4905.0,4059.96,10310.9,458.15
328,2.725,11.791312,-1.22625,4905.0,4059.96,10344.73,459.61
329,2.733333,11.781094,-1.22625,4905.0,4059.96,10378.57,461.07
330,2.741667,11.770875,-1.22625,4905.0,4059.96,10412.4,462.54
331,2.75,11.760656,-1.22625,4905.0,4059.96,10446.23,464.0
332,2.758333,11.750437,-1.22625,4905.0,4059.96,10480.06,465.47
333,2.766667,11.740219,-1.22625,4905.0,4059.96,10513.9,466.93
334,2.775,11.73,-1.22625,4905.0,4059.96,10547.73,468.39
335,2.783333,11.719781,-1.22625,4905.0,4059.96,10581.56,469.86
336,2.791667,11.709562,-1.22625,4905.0,4059.96,10615.4,471.32
337,2.8,11.699344,-1.22625,4905.0,4059.96,10649.23,472.78
338,2.808333,11.689125,-1.22625,4905.0,4059.96,10683.06,474.25
339,2.816667,11.678906,-1.22625,4905.0,4059.96,10716.9,475.71
340,2.825,11.668687,-1.22625,4905.0,4059.96,10750.73,477.18
341,2.833333,11.658469,-1.22625,4905.0,4059.96,10784.56,478.64
342,2.841667,11.64825,-1.22625,4905.0,4059.96,10818.39,480.1
343,2.85,11.638031,-1.22625,4905.0,4059.96,10852.23,481.57
344,2.858333,11.627812,-1.22625,4905.0,4059.96,10886.06,483.03
345,2.866667,11.617594,-1.22625,4905.0,4059.96,10919.89,484.49
346,2.875,11.607375,-1.22625,4905.0,4059.96,10953.73,485.96
347,2.883333,11.597156,-1.22625,4905.0,4059.96,10987.56,487.42
348,2.891667,11.586937,-1.22625,4905.0,4059.96,11021.39,488.89
349,2.9,11.576719,-1.22625,4905.0,4059.96,11055.23,490.35
350,2.908333,11.5665,-1.22625,4905.0,4059.96,11089.06,491.81
351,2.916667,11.556281,-1.22625,4905.0,4059.96,11122.89,493.28
352,2.925,11.546062,-1.22625,4905.0,4059.96,11156.72,494.74
353,2.933333,11.535844,-1.22625,4905.0,4059.96,11190.56,496.2
354,2.941667,11.525625,-1.22625,4905.0,4059.96,11224.39,497.67
355,2.95,11.515406,-1.22625,4905.0,4059.96,11258.22,499.13
356,2.958333,11.505187,-1.22625,4905.0,4059.96,11292.06,500.6
357,2.966667,11.494969,-1.22625,4905.0,4059.96,11325.89,502.06
358,2.975,11.48475,-1.22625,4905.0,4059.96,11359.72,503.52
359,2.983333,11.474531,-1.22625,4905.0,4059.96,11393.56,504.99
360,2.991667,11.464312,-1.22625,4905.0,4059.96,11427.39,506.45
361,3.0,11.454094,-1.22625,4905.0,4059.96,11461.22,507.91
362,3.008333,11.443875,-1.22625,4905.0,4059.96,11495.05,509.38
363,3.016667,11.433656,-1.22625,4905.0,4059.96,11528.89,510.84
364,3.025,11.423437,-1.22625,4905.0,4059.96,11562.72,512.3
365,3.033333,11.413219,-1.22625,4905.0,4059.96,11596.55,513.77
366,3.041667,11.403,-1.22625,4905.0,4059.96,11630.39,515.23
367,3.05,11.392781,-1.22625,4905.0,4059.96,11664.22,516.7
368,3.058333,11.382562,-1.22625,4905.0,4059.96,11698.05,518.16
369,3.066667,11.372344,-1.22625,4905.0,4059.96,11731.89,519.62
370,3.075,11.362125,-1.22625,4905.0,4059.96,11765.72,521.09
371,3.083333,11.351906,-1.22625,4905.0,4059.96,11799.55,522.55
372,3.091667,11.341687,-1.22625,4905.0,4059.96,11833.38,524.01
373,3.1,11.331469,-1.22625,4905.0,4059.96,11867.22,525.48
374,3.108333,11.32125,-1.22625,4905.0,4059.96,11901.05,526.94
375,3.116667,11.311031,-1.22625,4905.0,4059.96,11934.88,528.41
376,3.125,11.300812,-1.22625,4905.0,4059.96,11968.72,529.87
377,3.133333,11.290594,-1.22625,4905.0,4059.96,12002.55,531.33
378,3.141667,11.280375,-1.22625,4905.0,4059.96,12036.38,532.8
379,3.15,11.270156,-1.22625,4905.0,4059.96,12070.22,534.26
380,3.158333,11.259937,-1.22625,4905.0,4059.96,12104.05,535.72
381,3.166667,11.249719,-1.22625,4905.0,4059.96,12137.88,537.19
382,3.175,11.2395,-1.22625,4905.0,4059.96,12171.71,538.65
383,3.183333,11.229281,-1.22625,4905.0,4059.96,12205.55,540.12
384,3.191667,11.219062,-1.22625,4905.0,4059.96,12239.38,541.58
385,3.2,11.208844,-1.22625,4905.0,4059.96,12273.21,543.04
386,3.208333,11.198625,-1.22625,4905.0,4059.96,12307.05,544.51
387,3.216667,11.188406,-1.22625,4905.0,4059.96,12340.88,545.97
388,3.225,11.178187,-1.22625,4905.0,4059.96,12374.71,547.43
389,3.233333,11.167969,-1.22625,4905.0,4059.96,12408.55,548.9
390,3.241667,11.15775,-1.22625,4905.0,4059.96,12442.38,550.36
391,3.25,11.147531,-1.22625,4905.0,4059.96,12476.21,551.83
392,3.258333,11.137312,-1.22625,4905.0,4059.96,12510.04,553.29
393,3.266667,11.127094,-1.22625,4905.0,4059.96,12543.88,554.75
394,3.275,11.116875,-1.22625,4905.0,4059.96,12577.71,556.22
395,3.283333,11.106656,-1.22625,4905.0,4059.96,12611.54,557.68
396,3.291667,11.096437,-1.22625,4905.0,4059.96,12645.38,559.14
397,3.3,11.086219,-1.22625,4905.0,4059.96,12679.21,560.61
398,3.308333,11.076,-1.22625,4905.0,4059.96,12713.04,562.07
399,3.316667,11.065781,-1.22625,4905.0,4059.96,12746.88,563.54
400,3.325,11.055562,-1.22625,4905.0,4059.96,12780.71,565.0
401,3.333333,11.045344,-1.22625,4905.0,4059.96,12814.54,566.46
402,3.341667,11.035125,-1.22625,4905.0,4059.96,12848.37,567.93
403,3.35,11.024906,-1.22625,4905.0,4059.96,12882.21,569.39
404,3.358333,11.014687,-1.22625,4905.0,4059.96,12916.04,570.85
405,3.366667,11.004469,-1.22625,4905.0,4059.96,12949.87,572.32
406,3.375,10.99425,-1.22625,4905.0,4059.96,12983.71,573.78
407,3.383333,10.984031,-1.22625,4905.0,4059.96,13017.54,575.25
408,3.391667,10.973812,-1.22625,4905.0,4059.96,13051.37,576.71
409,3.4,10.963594,-1.22625,4905.0,4059.96,13085.21,578.17
410,3.408333,10.953375,-1.22625,4905.0,4059.96,13119.04,579.64
411,3.416667,10.943156,-1.22625,4905.0,4059.96,13152.87,581.1
412,3.425,10.932937,-1.22625,4905.0,4059.96,13186.7,582.56
413,3.433333,10.922719,-1.22625,4905.0,4059.96,13220.54,584.03
414,3.441667,10.9125,-1.22625,4905.0,4059.96,13254.37,585.49
415,3.45,10.902281,-1.22625,4905.0,4059.96,13288.2,586.95
416,3.458333,10.892062,-1.22625,4905.0,4059.96,13322.04,588.42
417,3.466667,10.881844,-1.22625,4905.0,4059.96,13355.87,589.88
418,3.475,10.871625,-1.22625,4905.0,4059.96,13389.7,591.35
419,3.483333,10.861406,-1.22625,4905.0,4059.96,13423.54,592.81
420,3.491667,10.851187,-1.22625,4905.0,4059.96,13457.37,594.27
421,3.5,10.840969,-1.22625,4905.0,4059.96,13491.2,595.74
422,3.508333,10.83075,-1.22625,4905.0,4059.96,13525.03,597.2
423,3.516667,10.820531,-1.22625,4905.0,4059.96,13558.87,598.66
424,3.525,10.810312,-1.22625,4905.0,4059.96,13592.7,600.13
425,3.533333,10.800094,-1.22625,4905.0,4059.96,13626.53,601.59
426,3.541667,10.789875,-1.22625,4905.0,4059.96,13660.37,603.06
427,3.55,10.779656,-1.22625,4905.0,4059.96,13694.2,604.52
428,3.558333,10.769437,-1.22625,4905.0,4059.96,13728.03,605.98
429,3.566667,10.759219,-1.22625,4905.0,4059.96,13761.87,607.45
430,3.575,10.749,-1.22625,4905.0,4059.96,13795.7,608.91
431,3.583333,10.738781,-1.22625,4905.0,4059.96,13829.53,610.37
432,3.591667,10.728562,-1.22625,4905.0,4059.96,13863.37,611.84
433,3.6,10.718344,-1.22625,4905.0,4059.96,13897.2,613.3
434,3.608333,10.708125,-1.22625,4905.0,4059.96,13931.03,614.77
435,3.616667,10.697906,-1.22625,4905.0,4059.96,13964.86,616.23
436,3.625,10.687687,-1.22625,4905.0,4059.96,13998.7,617.69
437,3.633333,10.677469,-1.22625,4905.0,4059.96,14032.53,619.16
438,3.641667,10.66725,-1.22625,4905.0,4059.96,14066.36,620.62
439,3.65,10.657031,-1.22625,4905.0,4059.96,14100.2,622.08
440,3.658333,10.646812,-1.22625,4905.0,4059.96,14134.03,623.55
441,3.666667,10.636594,-1.22625,4905.0,4059.96,14167.86,625.01
442,3.675,10.626375,-1.22625,4905.0,4059.96,14201.7,626.48
443,3.683333,10.616156,-1.22625,4905.0,4059.96,14235.53,627.94
444,3.691667,10.605937,-1.22625,4905.0,4059.96,14269.36,629.4
445,3.7,10.595719,-1.22625,4905.0,4059.96,14303.19,630.87
446,3.708333,10.5855,-1.22625,4905.0,4059.96,14337.03,632.33
447,3.716667,10.575281,-1.22625,4905.0,4059.96,14370.86,633.79
448,3.725,10.565062,-1.22625,4905.0,4059.96,14404.69,635.26
449,3.733333,10.554844,-1.22625,4905.0,4059.96,14438.53,636.72
450,3.741667,10.544625,-1.22625,4905.0,4059.96,14472.36,638.19
451,3.75,10.534406,-1.22625,4905.0,4059.96,14506.19,639.65
452,3.758333,10.524187,-1.22625,4905.0,4059.96,14540.03,641.11
453,3.766667,10.513969,-1.22625,4905.0,4059.96,14573.86,642.58
454,3.775,10.50375,-1.22625,4905.0,4059.96,14607.69,644.04
455,3.783333,10.493531,-1.22625,4905.0,4059.96,14641.52,645.5
456,3.791667,10.483312,-1.22625,4905.0,4059.96,14675.36,646.97
457,3.8,10.473094,-1.22625,4905.0,4059.96,14709.19,648.43
458,3.808333,10.462875,-1.22625,4905.0,4059.96,14743.02,649.9
459,3.816667,10.452656,-1.22625,4905.0,4059.96,14776.86,651.36
460,3.825,10.442437,-1.22625,4905.0,4059.96,14810.69,652.82
461,3.833333,10.432219,-1.22625,4905.0,4059.96,14844.52,654.29
462,3.841667,10.422,-1.22625,4905.0,4059.96,14878.36,655.75
463,3.85,10.411781,-1.22625,4905.0,4059.96,14912.19,657.21
464,3.858333,10.401562,-1.22625,4905.0,4059.96,14946.02,658.68
465,3.866667,10.391344,-1.22625,4905.0,4059.96,14979.85,660.14
466,3.875,10.381125,-1.22625,4905.0,4059.96,15013.69,661.61
467,3.883333,10.370906,-1.22625,4905.0,4059.96,15047.52,663.07
468,3.891667,10.360687,-1.22625,4905.0,4059.96,15081.35,664.53
469,3.9,10.350469,-1.22625,4905.0,4059.96,15115.19,666.0
470,3.908333,10.34025,-1.22625,4905.0,4059.96,15149.02,667.46
471,3.916667,10.330031,-1.22625,4905.0,4059.96,15182.85,668.92
472,3.925,10.319812,-1.22625,4905.0,4059.96,15216.69,670.39
473,3.933333,10.309594,-1.22625,4905.0,4059.96,15250.52,671.85
474,3.941667,10.299375,-1.22625,4905.0,4059.96,15284.35,673.31
475,3.95,10.289156,-1.22625,4905.0,4059.96,15318.18,674.78
476,3.958333,10.278937,-1.22625,4905.0,4059.96,15352.02,676.24
477,3.966667,10.268719,-1.22625,4905.0,4059.96,15385.85,677.71
478,3.975,10.2585,-1.22625,4905.0,4059.96,15419.68,679.17
479,3.983333,10.248281,-1.22625,4905.0,4059.96,15453.52,680.63
480,3.991667,10.238062,-1.22625,4905.0,4059.96,15487.35,682.1
481,4.0,10.227844,-1.22625,4905.0,4059.96,15521.18,683.56
482,4.008333,10.217625,-1.22625,4905.0,4059.96,15555.02,685.02
483,4.016667,10.207406,-1.22625,4905.0,4059.96,15588.85,686.49
484,4.025,10.197187,-1.22625,4905.0,4059.96,15622.68,687.95
485,4.033333,10.186969,-1.22625,4905.0,4059.96,15656.51,689.42
486,4.041667,10.17675,-1.22625,4905.0,4059.96,15690.35,690.88
487,4.05,10.166531,-1.22625,4905.0,4059.96,15724.18,692.34
488,4.058333,10.156312,-1.22625,4905.0,4059.96,15758.01,693.81
489,4.066667,10.146094,-1.22625,4905.0,4059.96,15791.85,695.27
490,4.075,10.135875,-1.22625,4905.0,4059.96,15825.68,696.73
491,4.083333,10.125656,-1.22625,4905.0,4059.96,15859.51,698.2
492,4.091667,10.115437,-1.22625,4905.0,4059.96,15893.35,699.66
493,4.1,10.105219,-1.22625,4905.0,4059.96,15927.18,701.13
494,4.108333,10.095,-1.22625,4905.0,4059.96,15961.01,702.59
495,4.116667,10.084781,-1.22625,4905.0,4059.96,15994.84,704.05
496,4.125,10.074562,-1.22625,4905.0,4059.96,16028.68,705.52
497,4.133333,10.064344,-1.22625,4905.0,4059.96,16062.51,706.98
498,4.141667,10.054125,-1.22625,4905.0,4059.96,16096.34,708.44
499,4.15,10.043906,-1.22625,4905.0,4059.96,16130.18,709.91
500,4.158333,10.033687,-1.22625,4905.0,4059.96,16164.01,711.37
501,4.166667,10.023469,-1.22625,4905.0,4059.96,16197.84,712.84
502,4.175,10.01325,-1.22625,4905.0,4059.96,16231.68,714.3
503,4.183333,10.003031,-1.22625,4905.0,4059.96,16265.51,715.76
504,4.191667,9.992812,-1.22625,4905.0,4059.96,16299.34,717.23
505,4.2,9.982594,-1.22625,4905.0,4059.96,16333.17,718.69
506,4.208333,9.972375,-1.22625,4905.0,4059.96,16367.01,720.15
507,4.216667,9.962156,-1.22625,4905.0,4059.96,16400.84,721.62
508,4.225,9.951937,-1.22625,4905.0,4059.96,16434.67,723.08
509,4.233333,9.941719,-1.22625,4905.0,4059.96,16468.51,724.55
510,4.241667,9.9315,-1.22625,4905.0,4059.96,16502.34,726.01
511,4.25,9.921281,-1.22625,4905.0,4059.96,16536.17,727.47
512,4.258333,9.911062,-1.22625,4905.0,4059.96,16570.01,728.94
513,4.266667,9.900844,-1.22625,4905.0,4059.96,16603.84,730.4
514,4.275,9.890625,-1.22625,4905.0,4059.96,16637.67,731.86
515,4.283333,9.880406,-1.22625,4905.0,4059.96,16671.5,733.33
516,4.291667,9.870188,-1.22625,4905.0,4059.96,16705.34,734.79
517,4.3,9.859969,-1.22625,4905.0,4059.96,16739.17,736.26
518,4.308333,9.84975,-1.22625,4905.0,4059.96,16773.0,737.72
519,4.316667,9.839531,-1.22625,4905.0,4059.96,16806.84,739.18
520,4.325,9.829313,-1.22625,4905.0,4059.96,16840.67,740.65
521,4.333333,9.819094,-1.22625,4905.0,4059.96,16874.5,742.11
522,4.341667,9.808875,-1.22625,4905.0,4059.96,16908.34,743.57
523,4.35,9.798656,-1.22625,4905.0,4059.96,16942.17,745.04
524,4.358333,9.788438,-1.22625,4905.0,4059.96,16976.0,746.5
525,4.366667,9.778219,-1.22625,4905.0,4059.96,17009.83,747.97
526,4.375,9.768,-1.22625,4905.0,4059.96,17043.67,749.43
527,4.383333,9.757781,-1.22625,4905.0,4059.96,17077.5,750.89
528,4.391667,9.747563,-1.22625,4905.0,4059.96,17111.33,752.36
529,4.4,9.737344,-1.22625,4905.0,4059.96,17145.17,753.82
530,4.408333,9.727125,-1.22625,4905.0,4059.96,17179.0,755.28
531,4.416667,9.716906,-1.22625,4905.0,4059.96,17212.83,756.75
532,4.425,9.706688,-1.22625,4905.0,4059.96,17246.67,758.21
533,4.433333,9.696469,-1.22625,4905.0,4059.96,17280.5,759.67
534,4.441667,9.68625,-1.22625,4905.0,4059.96,17314.33,761.14
535,4.45,9.676031,-1.22625,4905.0,4059.96,17348.16,762.6
536,4.458333,9.665813,-1.22625,4905.0,4059.96,17382.0,764.07
537,4.466667,9.655594,-1.22625,4905.0,4059.96,17415.83,765.53
538,4.475,9.645375,-1.22625,4905.0,4059.96,17449.66,766.99
539,4.483333,9.635156,-1.22625,4905.0,4059.96,17483.5,768.46
540,4.491667,9.624938,-1.22625,4905.0,4059.96,17517.33,769.92
541,4.5,9.614719,-1.22625,4905.0,4059.96,17551.16,771.38
542,4.508333,9.6045,-1.22625,4905.0,4059.96,17585.0,772.85
543,4.516667,9.594281,-1.22625,4905.0,4059.96,17618.83,774.31
544,4.525,9.584063,-1.22625,4905.0,4059.96,17652.66,775.78
545,4.533333,9.573844,-1.22625,4905.0,4059.96,17686.49,777.24
546,4.541667,9.563625,-1.22625,4905.0,4059.96,17720.33,778.7
547,4.55,9.553406,-1.22625,4905.0,4059.96,17754.16,780.17
548,4.558333,9.543188,-1.22625,4905.0,4059.96,17787.99,781.63
549,4.566667,9.532969,-1.22625,4905.0,4059.96,17821.83,783.09
550,4.575,9.52275,-1.22625,4905.0,4059.96,17855.66,784.56
551,4.583333,9.512531,-1.22625,4905.0,4059.96,17889.49,786.02
552,4.591667,9.502313,-1.22625,4905.0,4059.96,17923.33,787.49
553,4.6,9.492094,-1.22625,4905.0,4059.96,17957.16,788.95
554,4.608333,9.481875,-1.22625,4905.0,4059.96,17990.99,790.41
555,4.616667,9.471656,-1.22625,4905.0,4059.96,18024.82,791.88
556,4.625,9.461438,-1.22625,4905.0,4059.96,18058.66,793.34
557,4.633333,9.451219,-1.22625,4905.0,4059.96,18092.49,794.8
558,4.641667,9.441,-1.22625,4905.0,4059.96,18126.32,796.27
559,4.65,9.430781,-1.22625,4905.0,4059.96,18160.16,797.73
560,4.658333,9.420563,-1.22625,4905.0,4059.96,18193.99,799.2
561,4.666667,9.410344,-1.22625,4905.0,4059.96,18227.82,800.66
562,4.675,9.400125,-1.22625,4905.0,4059.96,18261.66,802.12
563,4.683333,9.389906,-1.22625,4905.0,4059.96,18295.49,803.59
564,4.691667,9.379688,-1.22625,4905.0,4059.96,18329.32,805.05
565,4.7,9.369469,-1.22625,4905.0,4059.96,18363.15,806.51
566,4.708333,9.35925,-1.22625,4905.0,4059.96,18396.99,807.98
567,4.716667,9.349031,-1.22625,4905.0,4059.96,18430.82,809.44
568,4.725,9.338813,-1.22625,4905.0,4059.96,18464.65,810.91
569,4.733333,9.328594,-1.22625,4905.0,4059.96,18498.49,812.37
570,4.741667,9.318375,-1.22625,4905.0,4059.96,18532.32,813.83
571,4.75,9.308156,-1.22625,4905.0,4059.96,18566.15,815.3
572,4.758333,9.297938,-1.22625,4905.0,4059.96,18599.99,816.76
573,4.766667,9.287719,-1.22625,4905.0,4059.96,18633.82,818.22
574,4.775,9.2775,-1.22625,4905.0,4059.96,18667.65,819.69
575,4.783333,9.267281,-1.22625,4905.0,4059.96,18701.48,821.15
576,4.791667,9.257063,-1.22625,4905.0,4059.96,18735.32,822.62
577,4.8,9.246844,-1.22625,4905.0,4059.96,18769.15,824.08
578,4.808333,9.236625,-1.22625,4905.0,4059.96,18802.98,825.54
579,4.816667,9.226406,-1.22625,4905.0,4059.96,18836.82,827.01
580,4.825,9.216188,-1.22625,4905.0,4059.96,18870.65,828.47
581,4.833333,9.205969,-1.22625,4905.0,4059.96,18904.48,829.93
582,4.841667,9.19575,-1.22625,4905.0,4059.96,18938.32,831.4
583,4.85,9.185531,-1.22625,4905.0,4059.96,18972.15,832.86
584,4.858333,9.175313,-1.22625,4905.0,4059.96,19005.98,834.33
585,4.866667,9.165094,-1.22625,4905.0,4059.96,19039.81,835.79
586,4.875,9.154875,-1.22625,4905.0,4059.96,19073.65,837.25
587,4.883333,9.144656,-1.22625,4905.0,4059.96,19107.48,838.72
588,4.891667,9.134438,-1.22625,4905.0,4059.96,19141.31,840.18
589,4.9,9.124219,-1.22625,4905.0,4059.96,19175.15,841.64
590,4.908333,9.114,-1.22625,4905.0,4059.96,19208.98,843.11
591,4.916667,9.103781,-1.22625,4905.0,4059.96,19242.81,844.57
592,4.925,9.093563,-1.22625,4905.0,4059.96,19276.65,846.03
593,4.933333,9.083344,-1.22625,4905.0,4059.96,19310.48,847.5
594,4.941667,9.073125,-1.22625,4905.0,4059.96,19344.31,848.96
595,4.95,9.062906,-1.22625,4905.0,4059.96,19378.14,850.43
596,4.958333,9.052688,-1.22625,4905.0,4059.96,19411.98,851.89
597,4.966667,9.042469,-1.22625,4905.0,4059.96,19445.81,853.35
598,4.975,9.03225,-1.22625,4905.0,4059.96,19479.64,854.82
599,4.983333,9.022031,-1.22625,4905.0,4059.96,19513.48,856.28
600,4.991667,9.011813,-1.22625,4905.0,4059.96,19547.31,857.74
601,5.0,9.001594,-1.22625,4905.0,4059.96,19581.14,859.21
602,5.008333,8.991375,-1.22625,4905.0,4059.96,19614.98,860.67
603,5.016667,8.981156,-1.22625,4905.0,4059.96,19648.81,862.14
604,5.025,8.970938,-1.22625,4905.0,4059.96,19682.64,863.6
605,5.033333,8.960719,-1.22625,4905.0,4059.96,19716.47,865.06
606,5.041667,8.9505,-1.22625,4905.0,4059.96,19750.31,866.53
607,5.05,8.940281,-1.22625,4905.0,4059.96,19784.14,867.99
608,5.058333,8.930063,-1.22625,4905.0,4059.96,19817.97,869.45
609,5.066667,8.919844,-1.22625,4905.0,4059.96,19851.81,870.92
610,5.075,8.909625,-1.22625,4905.0,4059.96,19885.64,872.38
611,5.083333,8.899406,-1.22625,4905.0,4059.96,19919.47,873.85
612,5.091667,8.889188,-1.22625,4905.0,4059.96,19953.31,875.31
613,5.1,8.878969,-1.22625,4905.0,4059.96,19987.14,876.77
614,5.108333,8.86875,-1.22625,4905.0,4059.96,20020.97,878.24
615,5.116667,8.858531,-1.22625,4905.0,4059.96,20054.8,879.7
616,5.125,8.848313,-1.22625,4905.0,4059.96,20088.64,881.16
617,5.133333,8.838094,-1.22625,4905.0,4059.96,20122.47,882.63
618,5.141667,8.827875,-1.22625,4905.0,4059.96,20156.3,884.09
619,5.15,8.817656,-1.22625,4905.0,4059.96,20190.14,885.56
620,5.158333,8.807438,-1.22625,4905.0,4059.96,20223.97,887.02
621,5.166667,8.797219,-1.22625,4905.0,4059.96,20257.8,888.48
622,5.175,8.787,-1.22625,4905.0,4059.96,20291.64,889.95
623,5.183333,8.776781,-1.22625,4905.0,4059.96,20325.47,891.41
624,5.191667,8.766563,-1.22625,4905.0,4059.96,20359.3,892.87
625,5.2,8.756344,-1.22625,4905.0,4059.96,20393.13,894.34
626,5.208333,8.746125,-1.22625,4905.0,4059.96,20426.97,895.8
627,5.216667,8.735906,-1.22625,4905.0,4059.96,20460.8,897.27
628,5.225,8.725688,-1.22625,4905.0,4059.96,20494.63,898.73
629,5.233333,8.715469,-1.22625,4905.0,4059.96,20528.47,900.19
630,5.241667,8.70525,-1.22625,4905.0,4059.96,20562.3,901.66
631,5.25,8.695031,-1.22625,4905.0,4059.96,20596.13,903.12
632,5.258333,8.684813,-1.22625,4905.0,4059.96,20629.97,904.58
633,5.266667,8.674594,-1.22625,4905.0,4059.96,20663.8,906.05
634,5.275,8.664375,-1.22625,4905.0,4059.96,20697.63,907.51
635,5.283333,8.654156,-1.22625,4905.0,4059.96,20731.46,908.98
636,5.291667,8.643938,-1.22625,4905.0,4059.96,20765.3,910.44
637,5.3,8.633719,-1.22625,4905.0,4059.96,20799.13,911.9
638,5.308333,8.6235,-1.22625,4905.0,4059.96,20832.96,913.37
639,5.316667,8.613281,-1.22625,4905.0,4059.96,20866.8,914.83
640,5.325,8.603063,-1.22625,4905.0,4059.96,20900.63,916.29
641,5.333333,8.592844,-1.22625,4905.0,4059.96,20934.46,917.76
642,5.341667,8.582625,-1.22625,4905.0,4059.96,20968.3,919.22
643,5.35,8.572406,-1.22625,4905.0,4059.96,21002.13,920.68
644,5.358333,8.562188,-1.22625,4905.0,4059.96,21035.96,922.15
645,5.366667,8.551969,-1.22625,4905.0,4059.96,21069.79,923.61
646,5.375,8.54175,-1.22625,4905.0,4059.96,21103.63,925.08
647,5.383333,8.531531,-1.22625,4905.0,4059.96,21137.46,926.54
648,5.391667,8.521313,-1.22625,4905.0,4059.96,21171.29,928.0
649,5.4,8.511094,-1.22625,4905.0,4059.96,21205.13,929.47
650,5.408333,8.500875,-1.22625,4905.0,4059.96,21238.96,930.93
651,5.416667,8.490656,-1.22625,4905.0,4059.96,21272.79,932.39
652,5.425,8.480438,-1.22625,4905.0,4059.96,21306.63,933.86
653,5.433333,8.470219,-1.22625,4905.0,4059.96,21340.46,935.32
654,5.441667,8.46,-1.22625,4905.0,4059.96,21374.29,936.79
655,5.45,8.449781,-1.22625,4905.0,4059.96,21408.12,938.25
656,5.458333,8.439563,-1.22625,4905.0,4059.96,21441.96,939.71
657,5.466667,8.429344,-1.22625,4905.0,4059.96,21475.79,941.18
658,5.475,8.419125,-1.22625,4905.0,4059.96,21509.62,942.64
659,5.483333,8.408906,-1.22625,4905.0,4059.96,21543.46,944.1
660,5.491667,8.398688,-1.22625,4905.0,4059.96,21577.29,945.57
661,5.5,8.388469,-1.22625,4905.0,4059.96,21611.12,947.03
662,5.508333,8.37825,-1.22625,4905.0,4059.96,21644.96,948.5
663,5.516667,8.368031,-1.22625,4905.0,4059.96,21678.79,949.96
664,5.525,8.357813,-1.22625,4905.0,4059.96,21712.62,951.42
665,5.533333,8.347594,-1.22625,4905.0,4059.96,21746.45,952.89
666,5.541667,8.337375,-1.22625,4905.0,4059.96,21780.29,954.35
667,5.55,8.327156,-1.22625,4905.0,4059.96,21814.12,955.81
668,5.558333,8.316938,-1.22625,4905.0,4059.96,21847.95,957.28
669,5.566667,8.306719,-1.22625,4905.0,4059.96,21881.79,958.74
670,5.575,8.2965,-1.22625,4905.0,4059.96,21915.62,960.21
671,5.583333,8.286281,-1.22625,4905.0,4059.96,21949.45,961.67
672,5.591667,8.276063,-1.22625,4905.0,4059.96,21983.29,963.13
673,5.6,8.265844,-1.22625,4905.0,4059.96,22017.12,964.6
674,5.608333,8.255625,-1.22625,4905.0,4059.96,22050.95,966.06
675,5.616667,8.245406,-1.22625,4905.0,4059.96,22084.78,967.52
676,5.625,8.235188,-1.22625,4905.0,4059.96,22118.62,968.99
677,5.633333,8.224969,-1.22625,4905.0,4059.96,22152.45,970.45
678,5.641667,8.21475,-1.22625,4905.0,4059.96,22186.28,971.92
679,5.65,8.204531,-1.22625,4905.0,4059.96,22220.12,973.38
680,5.658333,8.194313,-1.22625,4905.0,4059.96,22253.95,974.84
681,5.666667,8.184094,-1.22625,4905.0,4059.96,22287.78,976.31
682,5.675,8.173875,-1.22625,4905.0,4059.96,22321.62,977.77
683,5.683333,8.163656,-1.22625,4905.0,4059.96,22355.45,979.23
684,5.691667,8.153438,-1.22625,4905.0,4059.96,22389.28,980.7
685,5.7,8.143219,-1.22625,4905.0,4059.96,22423.12,982.16
686,5.708333,8.133,-1.22625,4905.0,4059.96,22456.95,983.63
687,5.716667,8.122781,-1.22625,4905.0,4059.96,22490.78,985.09
688,5.725,8.112563,-1.22625,4905.0,4059.96,22524.61,986.55
689,5.733333,8.102344,-1.22625,4905.0,4059.96,22558.45,988.02
690,5.741667,8.092125,-1.22625,4905.0,4059.96,22592.28,989.48
691,5.75,8.081906,-1.22625,4905.0,4059.96,22626.11,990.94
692,5.758333,8.071688,-1.22625,4905.0,4059.96,22659.95,992.41
693,5.766667,8.061469,-1.22625,4905.0,4059.96,22693.78,993.87
694,5.775,8.05125,-1.22625,4905.0,4059.96,22727.61,995.34
695,5.783333,8.041031,-1.22625,4905.0,4059.96,22761.45,996.8
696,5.791667,8.030813,-1.22625,4905.0,4059.96,22795.28,998.26
697,5.8,8.020594,-1.22625,4905.0,4059.96,22829.11,999.73
698,5.808333,8.010375,-1.22625,4905.0,4059.96,22862.94,1001.19
699,5.816667,8.000156,-1.22625,4905.0,4059.96,22896.78,1002.65
700,5.825,7.989938,-1.22625,4905.0,4059.96,22930.61,1004.12
701,5.833333,7.979719,-1.22625,4905.0,4059.96,22964.44,1005.58
702,5.841667,7.9695,-1.22625,4905.0,4059.96,22998.28,1007.04
703,5.85,7.959281,-1.22625,4905.0,4059.96,23032.11,1008.51
704,5.858333,7.949063,-1.22625,4905.0,4059.96,23065.94,1009.97
705,5.866667,7.938844,-1.22625,4905.0,4059.96,23099.78,1011.44
706,5.875,7.928625,-1.22625,4905.0,4059.96,23133.61,1012.9
707,5.883333,7.918406,-1.22625,4905.0,4059.96,23167.44,1014.36
708,5.891667,7.908188,-1.22625,4905.0,4059.96,23201.27,1015.83
709,5.9,7.897969,-1.22625,4905.0,4059.96,23235.11,1017.29
710,5.908333,7.88775,-1.22625,4905.0,4059.96,23268.94,1018.75
711,5.916667,7.877531,-1.22625,4905.0,4059.96,23302.77,1020.22
712,5.925,7.867313,-1.22625,4905.0,4059.96,23336.61,1021.68
713,5.933333,7.857094,-1.22625,4905.0,4059.96,23370.44,1023.15
714,5.941667,7.846875,-1.22625,4905.0,4059.96,23404.27,1024.61
715,5.95,7.836656,-1.22625,4905.0,4059.96,23438.11,1026.07
716,5.958333,7.826438,-1.22625,4905.0,4059.96,23471.94,1027.54
717,5.966667,7.816219,-1.22625,4905.0,4059.96,23505.77,1029.0
718,5.975,7.806,-1.22625,4905.0,4059.96,23539.6,1030.46
719,5.983333,7.795781,-1.22625,4905.0,4059.96,23573.44,1031.93
720,5.991667,7.785563,-1.22625,4905.0,4059.96,23607.27,1033.39
721,6.0,7.775344,-1.22625,4905.0,4059.96,23641.1,1034.86
722,6.008333,7.765125,-1.22625,4905.0,4059.96,23674.94,1036.32
723,6.016667,7.754906,-1.22625,4905.0,4059.96,23708.77,1037.78
724,6.025,7.744688,-1.22625,4905.0,4059.96,23742.6,1039.25
725,6.033333,7.734469,-1.22625,4905.0,4059.96,23776.44,1040.71
726,6.041667,7.72425,-1.22625,4905.0,4059.96,23810.27,1042.17
727,6.05,7.714031,-1.22625,4905.0,4059.96,23844.1,1043.64
728,6.058333,7.703813,-1.22625,4905.0,4059.96,23877.93,1045.1
729,6.066667,7.693594,-1.22625,4905.0,4059.96,23911.77,1046.57
730,6.075,7.683375,-1.22625,4905.0,4059.96,23945.6,1048.03
731,6.083333,7.673156,-1.22625,4905.0,4059.96,23979.43,1049.49
732,6.091667,7.662938,-1.22625,4905.0,4059.96,24013.27,1050.96
733,6.1,7.652719,-1.22625,4905.0,4059.96,24047.1,1052.42
734,6.108333,7.6425,-1.22625,4905.0,4059.96,24080.93,1053.88
735,6.116667,7.632281,-1.22625,4905.0,4059.96,24114.77,1055.35
736,6.125,7.622063,-1.22625,4905.0,4059.96,24148.6,1056.81
737,6.133333,7.611844,-1.22625,4905.0,4059.96,24182.43,1058.28
738,6.141667,7.601625,-1.22625,4905.0,4059.96,24216.26,1059.74
739,6.15,7.591406,-1.22625,4905.0,4059.96,24250.1,1061.2
740,6.158333,7.581188,-1.22625,4905.0,4059.96,24283.93,1062.67
741,6.166667,7.570969,-1.22625,4905.0,4059.96,24317.76,1064.13
742,6.175,7.56075,-1.22625,4905.0,4059.96,24351.6,1065.59
743,6.183333,7.550531,-1.22625,4905.0,4059.96,24385.43,1067.06
744,6.191667,7.540313,-1.22625,4905.0,4059.96,24419.26,1068.52
745,6.2,7.530094,-1.22625,4905.0,4059.96,24453.1,1069.99
746,6.208333,7.519875,-1.22625,4905.0,4059.96,24486.93,1071.45
747,6.216667,7.509656,-1.22625,4905.0,4059.96,24520.76,1072.91
748,6.225,7.499438,-1.22625,4905.0,4059.96,24554.59,1074.38
749,6.233333,7.489219,-1.22625,4905.0,4059.96,24588.43,1075.84
750,6.241667,7.479,-1.22625,4905.0,4059.96,24622.26,1077.3
751,6.25,7.468781,-1.22625,4905.0,4059.96,24656.09,1078.77
752,6.258333,7.458563,-1.22625,4905.0,4059.96,24689.93,1080.23
753,6.266667,7.448344,-1.22625,4905.0,4059.96,24723.76,1081.7
754,6.275,7.438125,-1.22625,4905.0,4059.96,24757.59,1083.16
755,6.283333,7.427906,-1.22625,4905.0,4059.96,24791.43,1084.62
756,6.291667,7.417688,-1.22625,4905.0,4059.96,24825.26,1086.09
757,6.3,7.407469,-1.22625,4905.0,4059.96,24859.09,1087.55
758,6.308333,7.39725,-1.22625,4905.0,4059.96,24892.92,1089.01
759,6.316667,7.387031,-1.22625,4905.0,4059.96,24926.76,1090.48
760,6.325,7.376813,-1.22625,4905.0,4059.96,24960.59,1091.94
761,6.333333,7.366594,-1.22625,4905.0,4059.96,24994.42,1093.4
762,6.341667,7.356375,-1.22625,4905.0,4059.96,25028.26,1094.87
763,6.35,7.346156,-1.22625,4905.0,4059.96,25062.09,1096.33
764,6.358333,7.335938,-1.22625,4905.0,4059.96,25095.92,1097.8
765,6.366667,7.325719,-1.22625,4905.0,4059.96,25129.76,1099.26
766,6.375,7.3155,-1.22625,4905.0,4059.96,25163.59,1100.72
767,6.383333,7.305281,-1.22625,4905.0,4059.96,25197.42,1102.19
768,6.391667,7.295063,-1.22625,4905.0,4059.96,25231.25,1103.65
769,6.4,7.284844,-1.22625,4905.0,4059.96,25265.09,1105.11
770,6.408333,7.274625,-1.22625,4905.0,4059.96,25298.92,1106.58
771,6.416667,7.264406,-1.22625,4905.0,4059.96,25332.75,1108.04
772,6.425,7.254188,-1.22625,4905.0,4059.96,25366.59,1109.51
773,6.433333,7.243969,-1.22625,4905.0,4059.96,25400.42,1110.97
774,6.441667,7.23375,-1.22625,4905.0,4059.96,25434.25,1112.43
775,6.45,7.223531,-1.22625,4905.0,4059.96,25468.09,1113.9
776,6.458333,7.213313,-1.22625,4905.0,4059.96,25501.92,1115.36
777,6.466667,7.203094,-1.22625,4905.0,4059.96,25535.75,1116.82
778,6.475,7.192875,-1.22625,4905.0,4059.96,25569.58,1118.29
779,6.483333,7.182656,-1.22625,4905.0,4059.96,25603.42,1119.75
780,6.491667,7.172438,-1.22625,4905.0,4059.96,25637.25,1121.22
781,6.5,7.162219,-1.22625,4905.0,4059.96,25671.08,1122.68
782,6.508333,7.152,-1.22625,4905.0,4059.96,25704.92,1124.14
783,6.516667,7.141781,-1.22625,4905.0,4059.96,25738.75,1125.61
784,6.525,7.131563,-1.22625,4905.0,4059.96,25772.58,1127.07
785,6.533333,7.121344,-1.22625,4905.0,4059.96,25806.42,1128.53
786,6.541667,7.111125,-1.22625,4905.0,4059.96,25840.25,1130.0
787,6.55,7.100906,-1.22625,4905.0,4059.96,25874.08,1131.46
788,6.558333,7.090688,-1.22625,4905.0,4059.96,25907.91,1132.93
789,6.566667,7.080469,-1.22625,4905.0,4059.96,25941.75,1134.39
790,6.575,7.07025,-1.22625,4905.0,4059.96,25975.58,1135.85
791,6.583333,7.060031,-1.22625,4905.0,4059.96,26009.41,1137.32
792,6.591667,7.049813,-1.22625,4905.0,4059.96,26043.25,1138.78
793,6.6,7.039594,-1.22625,4905.0,4059.96,26077.08,1140.24
794,6.608333,7.029375,-1.22625,4905.0,4059.96,26110.91,1141.71
795,6.616667,7.019156,-1.22625,4905.0,4059.96,26144.75,1143.17
796,6.625,7.008938,-1.22625,4905.0,4059.96,26178.58,1144.64
797,6.633333,6.998719,-1.22625,4905.0,4059.96,26212.41,1146.1
798,6.641667,6.9885,-1.22625,4905.0,4059.96,26246.24,1147.56
799,6.65,6.978281,-1.22625,4905.0,4059.96,26280.08,1149.03
800,6.658333,6.968063,-1.22625,4905.0,4059.96,26313.91,1150.49
801,6.666667,6.957844,-1.22625,4905.0,4059.96,26347.74,1151.95
802,6.675,6.947625,-1.22625,4905.0,4059.96,26381.58,1153.42
803,6.683333,6.937406,-1.22625,4905.0,4059.96,26415.41,1154.88
804,6.691667,6.927188,-1.22625,4905.0,4059.96,26449.24,1156.35
805,6.7,6.916969,-1.22625,4905.0,4059.96,26483.08,1157.81
806,6.708333,6.90675,-1.22625,4905.0,4059.96,26516.91,1159.27
807,6.716667,6.896531,-1.22625,4905.0,4059.96,26550.74,1160.74
808,6.725,6.886313,-1.22625,4905.0,4059.96,26584.57,1162.2
809,6.733333,6.876094,-1.22625,4905.0,4059.96,26618.41,1163.66
810,6.741667,6.865875,-1.22625,4905.0,4059.96,26652.24,1165.13
811,6.75,6.855656,-1.22625,4905.0,4059.96,26686.07,1166.59
812,6.758333,6.845438,-1.22625,4905.0,4059.96,26719.91,1168.06
813,6.766667,6.835219,-1.22625,4905.0,4059.96,26753.74,1169.52
814,6.775,6.825,-1.22625,4905.0,4059.96,26787.57,1170.98
815,6.783333,6.814781,-1.22625,4905.0,4059.96,26821.41,1172.45
816,6.791667,6.804563,-1.22625,4905.0,4059.96,26855.24,1173.91
817,6.8,6.794344,-1.22625,4905.0,4059.96,26889.07,1175.37
818,6.808333,6.784125,-1.22625,4905.0,4059.96,26922.9,1176.84
819,6.816667,6.773906,-1.22625,4905.0,4059.96,26956.74,1178.3
820,6.825,6.763688,-1.22625,4905.0,4059.96,26990.57,1179.76
821,6.833333,6.753469,-1.22625,4905.0,4059.96,27024.4,1181.23
822,6.841667,6.74325,-1.22625,4905.0,4059.96,27058.24,1182.69
823,6.85,6.733031,-1.22625,4905.0,4059.96,27092.07,1184.16
824,6.858333,6.722813,-1.22625,4905.0,4059.96,27125.9,1185.62
825,6.866667,6.712594,-1.22625,4905.0,4059.96,27159.74,1187.08
826,6.875,6.702375,-1.22625,4905.0,4059.96,27193.57,1188.55
827,6.883333,6.692156,-1.22625,4905.0,4059.96,27227.4,1190.01
828,6.891667,6.681938,-1.22625,4905.0,4059.96,27261.23,1191.47
829,6.9,6.671719,-1.22625,4905.0,4059.96,27295.07,1192.94
830,6.908333,6.6615,-1.22625,4905.0,4059.96,27328.9,1194.4
831,6.916667,6.651281,-1.22625,4905.0,4059.96,27362.73,1195.87
832,6.925,6.641063,-1.22625,4905.0,4059.96,27396.57,1197.33
833,6.933333,6.630844,-1.22625,4905.0,4059.96,27430.4,1198.79
834,6.941667,6.620625,-1.22625,4905.0,4059.96,27464.23,1200.26
835,6.95,6.610406,-1.22625,4905.0,4059.96,27498.07,1201.72
836,6.958333,6.600188,-1.22625,4905.0,4059.96,27531.9,1203.18
837,6.966667,6.589969,-1.22625,4905.0,4059.96,27565.73,1204.65
838,6.975,6.57975,-1.22625,4905.0,4059.96,27599.56,1206.11
839,6.983333,6.569531,-1.22625,4905.0,4059.96,27633.4,1207.58
840,6.991667,6.559313,-1.22625,4905.0,4059.96,27667.23,1209.04
841,7.0,6.549094,-1.22625,4905.0,4059.96,27701.06,1210.5
842,7.008333,6.538875,-1.22625,4905.0,4059.96,27734.9,1211.97
843,7.016667,6.528656,-1.22625,4905.0,4059.96,27768.73,1213.43
844,7.025,6.518438,-1.22625,4905.0,4059.96,27802.56,1214.89
845,7.033333,6.508219,-1.22625,4905.0,4059.96,27836.4,1216.36
846,7.041667,6.498,-1.22625,4905.0,4059.96,27870.23,1217.82
847,7.05,6.487781,-1.22625,4905.0,4059.96,27904.06,1219.29
848,7.058333,6.477563,-1.22625,4905.0,4059.96,27937.89,1220.75
849,7.066667,6.467344,-1.22625,4905.0,4059.96,27971.73,1222.21
850,7.075,6.457125,-1.22625,4905.0,4059.96,28005.56,1223.68
851,7.083333,6.446906,-1.22625,4905.0,4059.96,28039.39,1225.14
852,7.091667,6.436688,-1.22625,4905.0,4059.96,28073.23,1226.6
853,7.1,6.426469,-1.22625,4905.0,4059.96,28107.06,1228.07
854,7.108333,6.41625,-1.22625,4905.0,4059.96,28140.89,1229.53
855,7.116667,6.406031,-1.22625,4905.0,4059.96,28174.73,1231.0
856,7.125,6.395813,-1.22625,4905.0,4059.96,28208.56,1232.46
857,7.133333,6.385594,-1.22625,4905.0,4059.96,28242.39,1233.92
858,7.141667,6.375375,-1.22625,4905.0,4059.96,28276.22,1235.39
859,7.15,6.365156,-1.22625,4905.0,4059.96,28310.06,1236.85
860,7.158333,6.354938,-1.22625,4905.0,4059.96,28343.89,1238.31
861,7.166667,6.344719,-1.22625,4905.0,4059.96,28377.72,1239.78
862,7.175,6.3345,-1.22625,4905.0,4059.96,28411.56,1241.24
863,7.183333,6.324281,-1.22625,4905.0,4059.96,28445.39,1242.71
864,7.191667,6.314063,-1.22625,4905.0,4059.96,28479.22,1244.17
865,7.2,6.303844,-1.22625,4905.0,4059.96,28513.06,1245.63
866,7.208333,6.293625,-1.22625,4905.0,4059.96,28546.89,1247.1
867,7.216667,6.283406,-1.22625,4905.0,4059.96,28580.72,1248.56
868,7.225,6.273188,-1.22625,4905.0,4059.96,28614.55,1250.02
869,7.233333,6.262969,-1.22625,4905.0,4059.96,28648.39,1251.49
870,7.241667,6.25275,-1.22625,4905.0,4059.96,28682.22,1252.95
871,7.25,6.242531,-1.22625,4905.0,4059.96,28716.05,1254.41
872,7.258333,6.232313,-1.22625,4905.0,4059.96,28749.89,1255.88
873,7.266667,6.222094,-1.22625,4905.0,4059.96,28783.72,1257.34
874,7.275,6.211875,-1.22625,4905.0,4059.96,28817.55,1258.81
875,7.283333,6.201656,-1.22625,4905.0,4059.96,28851.39,1260.27
876,7.291667,6.191438,-1.22625,4905.0,4059.96,28885.22,1261.73
877,7.3,6.181219,-1.22625,4905.0,4059.96,28919.05,1263.2
878,7.308333,6.171,-1.22625,4905.0,4059.96,28952.88,1264.66
879,7.316667,6.160781,-1.22625,4905.0,4059.96,28986.72,1266.12
880,7.325,6.150563,-1.22625,4905.0,4059.96,29020.55,1267.59
881,7.333333,6.140344,-1.22625,4905.0,4059.96,29054.38,1269.05
882,7.341667,6.130125,-1.22625,4905.0,4059.96,29088.22,1270.52
883,7.35,6.119906,-1.22625,4905.0,4059.96,29122.05,1271.98
884,7.358333,6.109688,-1.22625,4905.0,4059.96,29155.88,1273.44
885,7.366667,6.099469,-1.22625,4905.0,4059.96,29189.72,1274.91
886,7.375,6.08925,-1.22625,4905.0,4059.96,29223.55,1276.37
887,7.383333,6.079031,-1.22625,4905.0,4059.96,29257.38,1277.83
888,7.391667,6.068813,-1.22625,4905.0,4059.96,29291.21,1279.3
889,7.4,6.058594,-1.22625,4905.0,4059.96,29325.05,1280.76
890,7.408333,6.048375,-1.22625,4905.0,4059.96,29358.88,1282.23
891,7.416667,6.038156,-1.22625,4905.0,4059.96,29392.71,1283.69
892,7.425,6.027938,-1.22625,4905.0,4059.96,29426.55,1285.15
893,7.433333,6.017719,-1.22625,4905.0,4059.96,29460.38,1286.62
894,7.441667,6.0075,-1.22625,4905.0,4059.96,29494.21,1288.08
895,7.45,5.997281,-1.22625,4905.0,4059.96,29528.05,1289.54
896,7.458333,5.987063,-1.22625,4905.0,4059.96,29561.88,1291.01
897,7.466667,5.976844,-1.22625,4905.0,4059.96,29595.71,1292.47
898,7.475,5.966625,-1.22625,4905.0,4059.96,29629.54,1293.94
899,7.483333,5.956406,-1.22625,4905.0,4059.96,29663.38,1295.4
900,7.491667,5.946188,-1.22625,4905.0,4059.96,29697.21,1296.86
901,7.5,5.935969,-1.22625,4905.0,4059.96,29731.04,1298.33
902,7.508333,5.92575,-1.22625,4905.0,4059.96,29764.88,1299.79
903,7.516667,5.915531,-1.22625,4905.0,4059.96,29798.71,1301.25
904,7.525,5.905313,-1.22625,4905.0,4059.96,29832.54,1302.72
905,7.533333,5.895094,-1.22625,4905.0,4059.96,29866.38,1304.18
906,7.541667,5.884875,-1.22625,4905.0,4059.96,29900.21,1305.65
907,7.55,5.874656,-1.22625,4905.0,4059.96,29934.04,1307.11
908,7.558333,5.864438,-1.22625,4905.0,4059.96,29967.87,1308.57
909,7.566667,5.854219,-1.22625,4905.0,4059.96,30001.71,1310.04
910,7.575,5.844,-1.22625,4905.0,4059.96,30035.54,1311.5
911,7.583333,5.833781,-1.22625,4905.0,4059.96,30069.37,1312.96
912,7.591667,5.823563,-1.22625,4905.0,4059.96,30103.21,1314.43
913,7.6,5.813344,-1.22625,4905.0,4059.96,30137.04,1315.89
914,7.608333,5.803125,-1.22625,4905.0,4059.96,30170.87,1317.36
915,7.616667,5.792906,-1.22625,4905.0,4059.96,30204.71,1318.82
916,7.625,5.782688,-1.22625,4905.0,4059.96,30238.54,1320.28
917,7.633333,5.772469,-1.22625,4905.0,4059.96,30272.37,1321.75
918,7.641667,5.76225,-1.22625,4905.0,4059.96,30306.2,1323.21
919,7.65,5.752031,-1.22625,4905.0,4059.96,30340.04,1324.67
920,7.658333,5.741813,-1.22625,4905.0,4059.96,30373.87,1326.14
921,7.666667,5.731594,-1.22625,4905.0,4059.96,30407.7,1327.6
922,7.675,5.721375,-1.22625,4905.0,4059.96,30441.54,1329.07
923,7.683333,5.711156,-1.22625,4905.0,4059.96,30475.37,1330.53
924,7.691667,5.700938,-1.22625,4905.0,4059.96,30509.2,1331.99
925,7.7,5.690719,-1.22625,4905.0,4059.96,30543.04,1333.46
926,7.708333,5.6805,-1.22625,4905.0,4059.96,30576.87,1334.92
927,7.716667,5.670281,-1.22625,4905.0,4059.96,30610.7,1336.38
928,7.725,5.660063,-1.22625,4905.0,4059.96,30644.53,1337.85
929,7.733333,5.649844,-1.22625,4905.0,4059.96,30678.37,1339.31
930,7.741667,5.639625,-1.22625,4905.0,4059.96,30712.2,1340.77
931,7.75,5.629406,-1.22625,4905.0,4059.96,30746.03,1342.24
932,7.758333,5.619188,-1.22625,4905.0,4059.96,30779.87,1343.7
933,7.766667,5.608969,-1.22625,4905.0,4059.96,30813.7,1345.17
934,7.775,5.59875,-1.22625,4905.0,4059.96,30847.53,1346.63
935,7.783333,5.588531,-1.22625,4905.0,4059.96,30881.37,1348.09
936,7.791667,5.578313,-1.22625,4905.0,4059.96,30915.2,1349.56
937,7.8,5.568094,-1.22625,4905.0,4059.96,30949.03,1351.02
938,7.808333,5.557875,-1.22625,4905.0,4059.96,30982.86,1352.48
939,7.816667,5.547656,-1.22625,4905.0,4059.96,31016.7,1353.95
940,7.825,5.537438,-1.22625,4905.0,4059.96,31050.53,1355.41
941,7.833333,5.527219,-1.22625,4905.0,4059.96,31084.36,1356.88
942,7.841667,5.517,-1.22625,4905.0,4059.96,31118.2,1358.34
943,7.85,5.506781,-1.22625,4905.0,4059.96,31152.03,1359.8
944,7.858333,5.496563,-1.22625,4905.0,4059.96,31185.86,1361.27
945,7.866667,5.486344,-1.22625,4905.0,4059.96,31219.7,1362.73
946,7.875,5.476125,-1.22625,4905.0,4059.96,31253.53,1364.19
947,7.883333,5.465906,-1.22625,4905.0,4059.96,31287.36,1365.66
948,7.891667,5.455688,-1.22625,4905.0,4059.96,31321.2,1367.12
949,7.9,5.445469,-1.22625,4905.0,4059.96,31355.03,1368.59
950,7.908333,5.43525,-1.22625,4905.0,4059.96,31388.86,1370.05
951,7.916667,5.425031,-1.22625,4905.0,4059.96,31422.69,1371.51
952,7.925,5.414813,-1.22625,4905.0,4059.96,31456.53,1372.98
953,7.933333,5.404594,-1.22625,4905.0,4059.96,31490.36,1374.44
954,7.941667,5.394375,-1.22625,4905.0,4059.96,31524.19,1375.9
955,7.95,5.384156,-1.22625,4905.0,4059.96,31558.03,1377.37
956,7.958333,5.373938,-1.22625,4905.0,4059.96,31591.86,1378.83
957,7.966667,5.363719,-1.22625,4905.0,4059.96,31625.69,1380.3
958,7.975,5.3535,-1.22625,4905.0,4059.96,31659.53,1381.76
959,7.983333,5.343281,-1.22625,4905.0,4059.96,31693.36,1383.22
960,7.991667,5.333063,-1.22625,4905.0,4059.96,31727.19,1384.69
961,8.0,5.322844,-1.22625,4905.0,4059.96,31761.02,1386.15
962,8.008333,5.312625,-1.22625,4905.0,4059.96,31794.86,1387.61
963,8.016667,5.302406,-1.22625,4905.0,4059.96,31828.69,1389.08
964,8.025,5.292188,-1.22625,4905.0,4059.96,31862.52,1390.54
965,8.033333,5.281969,-1.22625,4905.0,4059.96,31896.36,1392.01
966,8.041667,5.27175,-1.22625,4905.0,4059.96,31930.19,1393.47
967,8.05,5.261531,-1.22625,4905.0,4059.96,31964.02,1394.93
968,8.058333,5.251313,-1.22625,4905.0,4059.96,31997.86,1396.4
969,8.066667,5.241094,-1.22625,4905.0,4059.96,32031.69,1397.86
970,8.075,5.230875,-1.22625,4905.0,4059.96,32065.52,1399.32
971,8.083333,5.220656,-1.22625,4905.0,4059.96,32099.35,1400.79
972,8.091667,5.210438,-1.22625,4905.0,4059.96,32133.19,1402.25
973,8.1,5.200219,-1.22625,4905.0,4059.96,32167.02,1403.72
974,8.108333,5.19,-1.22625,4905.0,4059.96,32200.85,1405.18
975,8.116667,5.179781,-1.22625,4905.0,4059.96,32234.69,1406.64
976,8.125,5.169563,-1.22625,4905.0,4059.96,32268.52,1408.11
977,8.133333,5.159344,-1.22625,4905.0,4059.96,32302.35,1409.57
978,8.141667,5.149125,-1.22625,4905.0,4059.96,32336.19,1411.03
979,8.15,5.138906,-1.22625,4905.0,4059.96,32370.02,1412.5
980,8.158333,5.128688,-1.22625,4905.0,4059.96,32403.85,1413.96
981,8.166667,5.118469,-1.22625,4905.0,4059.96,32437.68,1415.43
982,8.175,5.10825,-1.22625,4905.0,4059.96,32471.52,1416.89
983,8.183333,5.098031,-1.22625,4905.0,4059.96,32505.35,1418.35
984,8.191667,5.087813,-1.22625,4905.0,4059.96,32539.18,1419.82
985,8.2,5.077594,-1.22625,4905.0,4059.96,32573.02,1421.28
986,8.208333,5.067375,-1.22625,4905.0,4059.96,32606.85,1422.74
987,8.216667,5.057156,-1.22625,4905.0,4059.96,32640.68,1424.21
988,8.225,5.046938,-1.22625,4905.0,4059.96,32674.52,1425.67
989,8.233333,5.036719,-1.22625,4905.0,4059.96,32708.35,1427.13
990,8.241667,5.0265,-1.22625,4905.0,4059.96,32742.18,1428.6
991,8.25,5.016281,-1.22625,4905.0,4059.96,32776.01,1430.06
992,8.258333,5.006063,-1.22625,4905.0,4059.96,32809.85,1431.53
993,8.266667,4.995844,-1.22625,4905.0,4059.96,32843.68,1432.99
994,8.275,4.985625,-1.22625,4905.0,4059.96,32877.51,1434.45
995,8.283333,4.975406,-1.22625,4905.0,4059.96,32911.35,1435.92
996,8.291667,4.965188,-1.22625,4905.0,4059.96,32945.18,1437.38
997,8.3,4.954969,-1.22625,4905.0,4059.96,32979.01,1438.84
998,8.308333,4.94475,-1.22625,4905.0,4059.96,33012.85,1440.31
999,8.316667,4.934531,-1.22625,4905.0,4059.96,33046.68,1441.77
1000,8.325,4.924313,-1.22625,4905.0,4059.96,33080.51,1443.24
1001,8.333333,4.914094,-1.22625,4905.0,4059.96,33114.34,1444.7
1002,8.341667,4.903875,-1.22625,4905.0,4059.96,33148.18,1446.16
1003,8.35,4.893656,-1.22625,4905.0,4059.96,33182.01,1447.63
1004,8.358333,4.883438,-1.22625,4905.0,4059.96,33215.84,1449.09
1005,8.366667,4.873219,-1.22625,4905.0,4059.96,33249.68,1450.55
1006,8.375,4.863,-1.22625,4905.0,4059.96,33283.51,1452.02
1007,8.383333,4.852781,-1.22625,4905.0,4059.96,33317.34,1453.48
1008,8.391667,4.842563,-1.22625,4905.0,4059.96,33351.18,1454.95
1009,8.4,4.832344,-1.22625,4905.0,4059.96,33385.01,1456.41
1010,8.408333,4.822125,-1.22625,4905.0,4059.96,33418.84,1457.87
1011,8.416667,4.811906,-1.22625,4905.0,4059.96,33452.67,1459.34
1012,8.425,4.801688,-1.22625,4905.0,4059.96,33486.51,1460.8
1013,8.433333,4.791469,-1.22625,4905.0,4059.96,33520.34,1462.26
1014,8.441667,4.78125,-1.22625,4905.0,4059.96,33554.17,1463.73
1015,8.45,4.771031,-1.22625,4905.0,4059.96,33588.01,1465.19
1016,8.458333,4.760813,-1.22625,4905.0,4059.96,33621.84,1466.66
1017,8.466667,4.750594,-1.22625,4905.0,4059.96,33655.67,1468.12
1018,8.475,4.740375,-1.22625,4905.0,4059.96,33689.51,1469.58
1019,8.483333,4.730156,-1.22625,4905.0,4059.96,33723.34,1471.05
1020,8.491667,4.719938,-1.22625,4905.0,4059.96,33757.17,1472.51
1021,8.5,4.709719,-1.22625,4905.0,4059.96,33791.0,1473.97
1022,8.508333,4.6995,-1.22625,4905.0,4059.96,33824.84,1475.44
1023,8.516667,4.689281,-1.22625,4905.0,4059.96,33858.67,1476.9
1024,8.525,4.679063,-1.22625,4905.0,4059.96,33892.5,1478.37
1025,8.533333,4.668844,-1.22625,4905.0,4059.96,33926.34,1479.83
1026,8.541667,4.658625,-1.22625,4905.0,4059.96,33960.17,1481.29
1027,8.55,4.648406,-1.22625,4905.0,4059.96,33994.0,1482.76
1028,8.558333,4.638188,-1.22625,4905.0,4059.96,34027.84,1484.22
1029,8.566667,4.627969,-1.22625,4905.0,4059.96,34061.67,1485.68
1030,8.575,4.61775,-1.22625,4905.0,4059.96,34095.5,1487.15
1031,8.583333,4.607531,-1.22625,4905.0,4059.96,34129.33,1488.61
1032,8.591667,4.597313,-1.22625,4905.0,4059.96,34163.17,1490.08
1033,8.6,4.587094,-1.22625,4905.0,4059.96,34197.0,1491.54
1034,8.608333,4.576875,-1.22625,4905.0,4059.96,34230.83,1493.0
1035,8.616667,4.566656,-1.22625,4905.0,4059.96,34264.67,1494.47
1036,8.625,4.556438,-1.22625,4905.0,4059.96,34298.5,1495.93
1037,8.633333,4.546219,-1.22625,4905.0,4059.96,34332.33,1497.39
1038,8.641667,4.536,-1.22625,4905.0,4059.96,34366.17,1498.86
1039,8.65,4.525781,-1.22625,4905.0,4059.96,34400.0,1500.32
1040,8.658333,4.515563,-1.22625,4905.0,4059.96,34433.83,1501.79
1041,8.666667,4.505344,-1.22625,4905.0,4059.96,34467.66,1503.25
1042,8.675,4.495125,-1.22625,4905.0,4059.96,34501.5,1504.71
1043,8.683333,4.484906,-1.22625,4905.0,4059.96,34535.33,1506.18
1044,8.691667,4.474688,-1.22625,4905.0,4059.96,34569.16,1507.64
1045,8.7,4.464469,-1.22625,4905.0,4059.96,34603.0,1509.1
1046,8.708333,4.45425,-1.22625,4905.0,4059.96,34636.83,1510.57
1047,8.716667,4.444031,-1.22625,4905.0,4059.96,34670.66,1512.03
1048,8.725,4.433813,-1.22625,4905.0,4059.96,34704.5,1513.49
1049,8.733333,4.423594,-1.22625,4905.0,4059.96,34738.33,1514.96
1050,8.741667,4.413375,-1.22625,4905.0,4059.96,34772.16,1516.42
1051,8.75,4.403156,-1.22625,4905.0,4059.96,34805.99,1517.89
1052,8.758333,4.392938,-1.22625,4905.0,4059.96,34839.83,1519.35
1053,8.766667,4.382719,-1.22625,4905.0,4059.96,34873.66,1520.81
1054,8.775,4.3725,-1.22625,4905.0,4059.96,34907.49,1522.28
1055,8.783333,4.362281,-1.22625,4905.0,4059.96,34941.33,1523.74
1056,8.791667,4.352063,-1.22625,4905.0,4059.96,34975.16,1525.2
1057,8.8,4.341844,-1.22625,4905.0,4059.96,35008.99,1526.67
1058,8.808333,4.331625,-1.22625,4905.0,4059.96,35042.83,1528.13
1059,8.816667,4.321406,-1.22625,4905.0,4059.96,35076.66,1529.6
1060,8.825,4.311188,-1.22625,4905.0,4059.96,35110.49,1531.06
1061,8.833333,4.300969,-1.22625,4905.0,4059.96,35144.32,1532.52
1062,8.841667,4.29075,-1.22625,4905.0,4059.96,35178.16,1533.99
1063,8.85,4.280531,-1.22625,4905.0,4059.96,35211.99,1535.45
1064,8.858333,4.270313,-1.22625,4905.0,4059.96,35245.82,1536.91
1065,8.866667,4.260094,-1.22625,4905.0,4059.96,35279.66,1538.38
1066,8.875,4.249875,-1.22625,4905.0,4059.96,35313.49,1539.84
1067,8.883333,4.239656,-1.22625,4905.0,4059.96,35347.32,1541.31
1068,8.891667,4.229438,-1.22625,4905.0,4059.96,35381.16,1542.77
1069,8.9,4.219219,-1.22625,4905.0,4059.96,35414.99,1544.23
1070,8.908333,4.209,-1.22625,4905.0,4059.96,35448.82,1545.7
1071,8.916667,4.198781,-1.22625,4905.0,4059.96,35482.65,1547.16
1072,8.925,4.188563,-1.22625,4905.0,4059.96,35516.49,1548.62
1073,8.933333,4.178344,-1.22625,4905.0,4059.96,35550.32,1550.09
1074,8.941667,4.168125,-1.22625,4905.0,4059.96,35584.15,1551.55
1075,8.95,4.157906,-1.22625,4905.0,4059.96,35617.99,1553.02
1076,8.958333,4.147688,-1.22625,4905.0,4059.96,35651.82,1554.48
1077,8.966667,4.137469,-1.22625,4905.0,4059.96,35685.65,1555.94
1078,8.975,4.12725,-1.22625,4905.0,4059.96,35719.49,1557.41
1079,8.983333,4.117031,-1.22625,4905.0,4059.96,35753.32,1558.87
1080,8.991667,4.106813,-1.22625,4905.0,4059.96,35787.15,1560.33
1081,9.0,4.096594,-1.22625,4905.0,4059.96,35820.98,1561.8
1082,9.008333,4.086375,-1.22625,4905.0,4059.96,35854.82,1563.26
1083,9.016667,4.076156,-1.22625,4905.0,4059.96,35888.65,1564.73
1084,9.025,4.065938,-1.22625,4905.0,4059.96,35922.48,1566.19
1085,9.033333,4.055719,-1.22625,4905.0,4059.96,35956.32,1567.65
1086,9.041667,4.0455,-1.22625,4905.0,4059.96,35990.15,1569.12
1087,9.05,4.035281,-1.22625,4905.0,4059.96,36023.98,1570.58
1088,9.058333,4.025063,-1.22625,4905.0,4059.96,36057.82,1572.04
1089,9.066667,4.014844,-1.22625,4905.0,4059.96,36091.65,1573.51
1090,9.075,4.004625,-1.22625,4905.0,4059.96,36125.48,1574.97
1091,9.083333,3.994406,-1.22625,4905.0,4059.96,36159.31,1576.44
1092,9.091667,3.984188,-1.22625,4905.0,4059.96,36193.15,1577.9
1093,9.1,3.973969,-1.22625,4905.0,4059.96,36226.98,1579.36
1094,9.108333,3.96375,-1.22625,4905.0,4059.96,36260.81,1580.83
1095,9.116667,3.953531,-1.22625,4905.0,4059.96,36294.65,1582.29
1096,9.125,3.943313,-1.22625,4905.0,4059.96,36328.48,1583.75
1097,9.133333,3.933094,-1.22625,4905.0,4059.96,36362.31,1585.22
1098,9.141667,3.922875,-1.22625,4905.0,4059.96,36396.15,1586.68
1099,9.15,3.912656,-1.22625,4905.0,4059.96,36429.98,1588.15
1100,9.158333,3.902438,-1.22625,4905.0,4059.96,36463.81,1589.61
1101,9.166667,3.892219,-1.22625,4905.0,4059.96,36497.64,1591.07
1102,9.175,3.882,-1.22625,4905.0,4059.96,36531.48,1592.54
1103,9.183333,3.871781,-1.22625,4905.0,4059.96,36565.31,1594.0
1104,9.191667,3.861563,-1.22625,4905.0,4059.96,36599.14,1595.46
1105,9.2,3.851344,-1.22625,4905.0,4059.96,36632.98,1596.93
1106,9.208333,3.841125,-1.22625,4905.0,4059.96,36666.81,1598.39
1107,9.216667,3.830906,-1.22625,4905.0,4059.96,36700.64,1599.85
1108,9.225,3.820688,-1.22625,4905.0,4059.96,36734.48,1601.32
1109,9.233333,3.810469,-1.22625,4905.0,4059.96,36768.31,1602.78
1110,9.241667,3.80025,-1.22625,4905.0,4059.96,36802.14,1604.25
1111,9.25,3.790031,-1.22625,4905.0,4059.96,36835.97,1605.71
1112,9.258333,3.779813,-1.22625,4905.0,4059.96,36869.81,1607.17
1113,9.266667,3.769594,-1.22625,4905.0,4059.96,36903.64,1608.64
1114,9.275,3.759375,-1.22625,4905.0,4059.96,36937.47,1610.1
1115,9.283333,3.749156,-1.22625,4905.0,4059.96,36971.31,1611.56
1116,9.291667,3.738938,-1.22625,4905.0,4059.96,37005.14,1613.03
1117,9.3,3.728719,-1.22625,4905.0,4059.96,37038.97,1614.49
1118,9.308333,3.7185,-1.22625,4905.0,4059.96,37072.81,1615.96
1119,9.316667,3.708281,-1.22625,4905.0,4059.96,37106.64,1617.42
1120,9.325,3.698063,-1.22625,4905.0,4059.96,37140.47,1618.88
1121,9.333333,3.687844,-1.22625,4905.0,4059.96,37174.3,1620.35
1122,9.341667,3.677625,-1.22625,4905.0,4059.96,37208.14,1621.81
1123,9.35,3.667406,-1.22625,4905.0,4059.96,37241.97,1623.27
1124,9.358333,3.657188,-1.22625,4905.0,4059.96,37275.8,1624.74
1125,9.366667,3.646969,-1.22625,4905.0,4059.96,37309.64,1626.2
1126,9.375,3.63675,-1.22625,4905.0,4059.96,37343.47,1627.67
1127,9.383333,3.626531,-1.22625,4905.0,4059.96,37377.3,1629.13
1128,9.391667,3.616313,-1.22625,4905.0,4059.96,37411.14,1630.59
1129,9.4,3.606094,-1.22625,4905.0,4059.96,37444.97,1632.06
1130,9.408333,3.595875,-1.22625,4905.0,4059.96,37478.8,1633.52
1131,9.416667,3.585656,-1.22625,4905.0,4059.96,37512.63,1634.98
1132,9.425,3.575438,-1.22625,4905.0,4059.96,37546.47,1636.45
1133,9.433333,3.565219,-1.22625,4905.0,4059.96,37580.3,1637.91
1134,9.441667,3.555,-1.22625,4905.0,4059.96,37614.13,1639.38
1135,9.45,3.544781,-1.22625,4905.0,4059.96,37647.97,1640.84
1136,9.458333,3.534563,-1.22625,4905.0,4059.96,37681.8,1642.3
1137,9.466667,3.524344,-1.22625,4905.0,4059.96,37715.63,1643.77
1138,9.475,3.514125,-1.22625,4905.0,4059.96,37749.47,1645.23
1139,9.483333,3.503906,-1.22625,4905.0,4059.96,37783.3,1646.69
1140,9.491667,3.493688,-1.22625,4905.0,4059.96,37817.13,1648.16
1141,9.5,3.483469,-1.22625,4905.0,4059.96,37850.96,1649.62
1142,9.508333,3.47325,-1.22625,4905.0,4059.96,37884.8,1651.09
1143,9.516667,3.463031,-1.22625,4905.0,4059.96,37918.63,1652.55
1144,9.525,3.452813,-1.22625,4905.0,4059.96,37952.46,1654.01
1145,9.533333,3.442594,-1.22625,4905.0,4059.96,37986.3,1655.48
1146,9.541667,3.432375,-1.22625,4905.0,4059.96,38020.13,1656.94
1147,9.55,3.422156,-1.22625,4905.0,4059.96,38053.96,1658.4
1148,9.558333,3.411938,-1.22625,4905.0,4059.96,38087.8,1659.87
1149,9.566667,3.401719,-1.22625,4905.0,4059.96,38121.63,1661.33
1150,9.575,3.3915,-1.22625,4905.0,4059.96,38155.46,1662.8
1151,9.583333,3.381281,-1.22625,4905.0,4059.96,38189.29,1664.26
1152,9.591667,3.371063,-1.22625,4905.0,4059.96,38223.13,1665.72
1153,9.6,3.360844,-1.22625,4905.0,4059.96,38256.96,1667.19
1154,9.608333,3.350625,-1.22625,4905.0,4059.96,38290.79,1668.65
1155,9.616667,3.340406,-1.22625,4905.0,4059.96,38324.63,1670.11
1156,9.625,3.330188,-1.22625,4905.0,4059.96,38358.46,1671.58
1157,9.633333,3.319969,-1.22625,4905.0,4059.96,38392.29,1673.04
1158,9.641667,3.30975,-1.22625,4905.0,4059.96,38426.13,1674.5
1159,9.65,3.299531,-1.22625,4905.0,4059.96,38459.96,1675.97
1160,9.658333,3.289313,-1.22625,4905.0,4059.96,38493.79,1677.43
1161,9.666667,3.279094,-1.22625,4905.0,4059.96,38527.62,1678.9
1162,9.675,3.268875,-1.22625,4905.0,4059.96,38561.46,1680.36
1163,9.683333,3.258656,-1.22625,4905.0,4059.96,38595.29,1681.82
1164,9.691667,3.248438,-1.22625,4905.0,4059.96,38629.12,1683.29
1165,9.7,3.238219,-1.22625,4905.0,4059.96,38662.96,1684.75
1166,9.708333,3.228,-1.22625,4905.0,4059.96,38696.79,1686.21
1167,9.716667,3.217781,-1.22625,4905.0,4059.96,38730.62,1687.68
1168,9.725,3.207563,-1.22625,4905.0,4059.96,38764.46,1689.14
1169,9.733333,3.197344,-1.22625,4905.0,4059.96,38798.29,1690.61
1170,9.741667,3.187125,-1.22625,4905.0,4059.96,38832.12,1692.07
1171,9.75,3.176906,-1.22625,4905.0,4059.96,38865.95,1693.53
1172,9.758333,3.166688,-1.22625,4905.0,4059.96,38899.79,1695.0
1173,9.766667,3.156469,-1.22625,4905.0,4059.96,38933.62,1696.46
1174,9.775,3.14625,-1.22625,4905.0,4059.96,38967.45,1697.92
1175,9.783333,3.136031,-1.22625,4905.0,4059.96,39001.29,1699.39
1176,9.791667,3.125813,-1.22625,4905.0,4059.96,39035.12,1700.85
1177,9.8,3.115594,-1.22625,4905.0,4059.96,39068.95,1702.32
1178,9.808333,3.105375,-1.22625,4905.0,4059.96,39102.79,1703.78
1179,9.816667,3.095156,-1.22625,4905.0,4059.96,39136.62,1705.24
1180,9.825,3.084938,-1.22625,4905.0,4059.96,39170.45,1706.71
1181,9.833333,3.074719,-1.22625,4905.0,4059.96,39204.28,1708.17
1182,9.841667,3.0645,-1.22625,4905.0,4059.96,39238.12,1709.63
1183,9.85,3.054281,-1.22625,4905.0,4059.96,39271.95,1711.1
1184,9.858333,3.044063,-1.22625,4905.0,4059.96,39305.78,1712.56
1185,9.866667,3.033844,-1.22625,4905.0,4059.96,39339.62,1714.03
1186,9.875,3.023625,-1.22625,4905.0,4059.96,39373.45,1715.49
1187,9.883333,3.013406,-1.22625,4905.0,4059.96,39407.28,1716.95
1188,9.891667,3.003188,-1.22625,4905.0,4059.96,39441.12,1718.42
1189,9.9,2.992969,-1.22625,4905.0,4059.96,39474.95,1719.88
1190,9.908333,2.98275,-1.22625,4905.0,4059.96,39508.78,1721.34
1191,9.916667,2.972531,-1.22625,4905.0,4059.96,39542.61,1722.81
1192,9.925,2.962313,-1.22625,4905.0,4059.96,39576.45,1724.27
1193,9.933333,2.952094,-1.22625,4905.0,4059.96,39610.28,1725.74
1194,9.941667,2.941875,-1.22625,4905.0,4059.96,39644.11,1727.2
1195,9.95,2.931656,-1.22625,4905.0,4059.96,39677.95,1728.66
1196,9.958333,2.921438,-1.22625,4905.0,4059.96,39711.78,1730.13
1197,9.966667,2.911219,-1.22625,4905.0,4059.96,39745.61,1731.59
1198,9.975,2.901,-1.22625,4905.0,4059.96,39779.45,1733.05
1199,9.983333,2.890781,-1.22625,4905.0,4059.96,39813.28,1734.52
1200,9.991667,2.880563,-1.22625,4905.0,4059.96,39847.11,1735.98
